restaurant_id,name,neighborhood,cuisine,total_score,num_reviews,archetype,p_safe_pick,label_safe_pick
r_3ecf21,Sapori Ristorante,Arden Heights,Italian,4.9,50,Universally Loved,0.971,
r_5bc5e7,Batesy’s BBQ and Bar,Arverne,BBQ,4.5,50,Universally Loved,0.928,
r_eafb31,Boardwalk Pizzeria,Arverne,Pizza,4.1,50,Under the Radar,0.413,
r_d3e6ca,China King,Arverne,Chinese,3.3,50,Under the Radar,0.526,
r_3c47c2,Locals Collective NYC,Arverne,Cafe,4.5,50,Universally Loved,0.839,
r_0cd252,"Love, Marianne LLC",Arverne,Bakery,5.0,31,Local Favorite,1.0,
r_c1e1bc,Papa Johns Pizza,Arverne,Pizza,3.5,50,Under the Radar,0.471,
r_a5e4e9,Stop & Shop,Arverne,Restaurant,4.2,50,Universally Loved,0.648,
r_94ae59,Super Burrito Rockaway | Queens,Arverne,Mexican,4.4,50,Universally Loved,0.773,
r_0a7832,48 Deli and Grill,Astoria,Deli,4.2,50,Hidden Gem,0.674,
r_54767f,Mum Feteer فطير,Astoria,Cafe,4.8,50,Universally Loved,0.892,
r_d94399,New York Bakery Café,Astoria,Bakery,4.7,50,Hidden Gem,0.762,
r_e97d0b,Janooon Cafe,Bath Beach,Dessert,4.9,50,Hidden Gem,0.973,
r_642f9f,Loong Ramen,Battery Park City,Chinese,4.7,50,Universally Loved,0.843,
r_80fef1,Burmese Harp,Bay Ridge,Japanese,4.8,50,Universally Loved,0.935,
r_1ac7af,Falafel Palace,Bay Ridge,Middle Eastern,4.5,35,Local Favorite,0.901,
r_3e8eec,Greenhouse Cafe,Bay Ridge,Italian,4.5,50,Universally Loved,0.863,
r_8e0076,Kimchi Kooks Kate's Kitchen,Bay Ridge,Korean,4.8,50,Universally Loved,0.949,
r_521013,Luliano’s,Bay Ridge,Italian,4.5,50,Universally Loved,0.952,
r_008607,Piccante,Bay Ridge,Italian,4.6,50,Universally Loved,0.915,
r_984116,Tanoreen,Bay Ridge,Mediterranean,4.7,50,Tourist Trap,0.754,
r_85b0d0,Tequila Restaurant,Bay Ridge,Mexican,4.9,50,Universally Loved,0.959,
r_5a11d8,Villa Paradiso Ristorante Italiano,Bay Terrace,Italian,4.6,50,Universally Loved,0.865,
r_4e6e0b,JiBeiChuan Rice Noodle & Ramen,Bayside,Chinese,4.8,50,Hidden Gem,0.97,
r_5cabc5,Martha’s Country Bakery,Bayside,Bakery,4.4,50,Universally Loved,0.678,
r_db776b,The French Workshop,Bayside,Bakery,4.5,50,Hidden Gem,0.909,
r_3457fd,Blossom's Soul Food Fusion,Bedford-Stuyvesant,Restaurant,4.2,50,Tourist Trap,0.677,
r_5537bd,Chicken Stop - Bed Stuy,Bedford-Stuyvesant,Restaurant,4.6,50,Hidden Gem,0.948,
r_203c44,Cocktail Bedstuy,Bedford-Stuyvesant,Restaurant,4.6,50,Universally Loved,0.957,
r_7326fa,Copacabana seafood and brunch,Bedford-Stuyvesant,Restaurant,4.3,50,Universally Loved,0.787,
r_d7a324,DOLORES,Bedford-Stuyvesant,Restaurant,4.5,50,Universally Loved,0.802,
r_bf0550,Daphne's,Bedford-Stuyvesant,Italian,4.7,50,Universally Loved,0.958,
r_429f0b,Dar525,Bedford-Stuyvesant,Mediterranean,4.8,50,Universally Loved,0.978,
r_2a3525,For All Things Good Bed-Stuy,Bedford-Stuyvesant,Mexican,4.6,50,Universally Loved,0.867,
r_74e491,Hart's,Bedford-Stuyvesant,Mediterranean,4.6,50,Universally Loved,0.872,
r_b68795,Korkscrew Bistro,Bedford-Stuyvesant,Brunch,4.9,50,Universally Loved,0.965,
r_c9f3da,L'Antagoniste,Bedford-Stuyvesant,French,4.5,50,Universally Loved,0.944,
r_8b6f67,Lavender Room Brooklyn,Bedford-Stuyvesant,Restaurant,4.7,50,Hidden Gem,0.89,
r_d212df,Ler Lers,Bedford-Stuyvesant,Thai,4.9,50,Universally Loved,1.0,
r_b83ea1,Macosa Trattoria,Bedford-Stuyvesant,Italian,4.6,50,Tourist Trap,0.777,
r_607d24,Peaches HotHouse,Bedford-Stuyvesant,Brunch,4.4,50,Universally Loved,0.83,
r_2d6016,Saraghina Pizzeria,Bedford-Stuyvesant,Pizza,4.5,50,Universally Loved,0.862,
r_69ab50,Shipwreck Seafood Boutique,Bedford-Stuyvesant,Seafood,4.8,50,Universally Loved,0.898,
r_fa121d,WARUDE,Bedford-Stuyvesant,Japanese,4.6,50,Universally Loved,0.931,
r_688e9d,Ann & Tony’s Restaurant,Belmont,Italian,4.4,50,Tourist Trap,0.766,
r_619aae,Antonio's Trattoria,Belmont,Italian,4.6,50,Universally Loved,0.896,
r_e1f836,Arthur Ave Crust & Kitchen,Belmont,Pizza,4.5,50,Universally Loved,0.897,
r_22d308,Arthur Avenue Market Pasticceria,Belmont,Italian,4.7,50,Universally Loved,0.902,
r_7d6651,Bronx Little Italy,Belmont,Italian,4.6,50,Tourist Trap,0.771,
r_3d2418,Dominick's,Belmont,Italian,4.5,50,Tourist Trap,0.804,
r_733479,Emilia's,Belmont,Italian,4.6,50,Universally Loved,0.909,
r_36f31f,Enzo's of Arthur Avenue,Belmont,Italian,4.4,50,Universally Loved,0.853,
r_51b396,Frankie's Restaurant Arthur Avenue,Belmont,Pizza,4.7,50,Hidden Gem,0.96,
r_1dc3d4,Gurra Cafe,Belmont,Restaurant,4.7,50,Hidden Gem,0.922,
r_f5c530,Mario's Restaurant of Arthur Avenue,Belmont,Italian,4.4,50,Universally Loved,0.791,
r_89c0d2,Michaelangelo's Restaurant of Arthur Ave,Belmont,Pizza,4.3,50,Universally Loved,0.892,
r_13fdb1,Moise's Restaurant,Belmont,Pizza,4.5,50,Hidden Gem,0.923,
r_d25d51,Pasquale's Rigoletto,Belmont,Italian,4.3,50,Tourist Trap,0.654,
r_0c903b,Piattini Café Bar Osteria,Belmont,Restaurant,4.8,50,Universally Loved,0.882,
r_a184bc,San Gennaro,Belmont,Italian,4.4,50,Universally Loved,0.931,
r_f47205,Teriyaki One Japanese Grill (Teriyaki & Sushi),Belmont,Japanese,4.5,50,Hidden Gem,0.968,
r_b7f6fb,Tino's Delicatessen,Belmont,Pizza,4.5,50,Universally Loved,0.898,
r_9aa2f4,Tra Di Noi,Belmont,Italian,4.4,50,Universally Loved,0.697,
r_243c5d,Yopcity restaurant,Belmont,American,4.4,50,Universally Loved,0.858,
r_df49aa,Zero Otto Nove Bronx,Belmont,Italian,4.5,50,Universally Loved,0.906,
r_1ca5a8,Çka Ka Qëllu,Belmont,Mediterranean,4.8,50,Hidden Gem,0.939,
r_6652be,Lert Ros Thai Food,Bensonhurst,Thai,4.6,50,Tourist Trap,0.762,
r_3b269d,Mama's Noodle House,Bensonhurst,Restaurant,4.8,50,Universally Loved,0.915,
r_ca43b2,Ramen Thukpa- Brooklyn,Boerum Hill,Japanese,4.8,50,Hidden Gem,0.954,
r_786e9d,MAMILLA STREET FOOD,Borough Park,Restaurant,4.9,30,Local Favorite,0.982,
r_3957af,Berikoni Georgian Bakery,Brighton Beach,Bakery,4.4,50,Universally Loved,0.85,
r_e66117,Degirmen Restaurant and Bakery,Brighton Beach,Restaurant,4.8,50,Hidden Gem,0.932,
r_133e49,Genatsvale Georgian Bakery | Shawarma,Brighton Beach,Middle Eastern,4.7,50,Hidden Gem,0.868,
r_ad74ed,Pavlova Bakery Cafe,Brighton Beach,Bakery,4.6,50,Universally Loved,0.922,
r_b7624b,Adrienne's NYC,Broad Channel,Italian,4.7,50,Universally Loved,0.943,
r_1bd4b4,Hooks Pizza Parlor & Kitchen,Broad Channel,Restaurant,4.6,50,Universally Loved,0.94,
r_91338c,Tommy's Pizza Broad Channel,Broad Channel,Pizza,4.3,50,Hidden Gem,0.72,
r_a9d645,Ji Bei Chuan Noodles 季北川 BK 86,Brooklyn,Chinese,4.7,50,Universally Loved,0.844,
r_df628d,Michael’s,Brooklyn,Italian,4.7,50,Universally Loved,0.935,
r_acf00a,Din Soup Dumplings 鼎泰轩,Brooklyn Heights,Chinese,4.6,50,Under the Radar,0.357,
r_44dc48,Saketumi Asian Bistro,Brooklyn Heights,Japanese,4.6,50,Tourist Trap,0.701,
r_f5bf31,Teriyaki One Japanese Grill (Teriyaki & Sushi),Brooklyn Heights,Japanese,4.9,50,Hidden Gem,0.989,
r_23ed8e,Caribbean Bites and West Indian Cuisine Restaurant & Bakery,Brownsville,Restaurant,4.9,23,Local Favorite,0.983,
r_b347ef,Amaranto,Bushwick,Mexican,4.6,50,Universally Loved,0.925,
r_1d162b,Arepera Guacuco,Bushwick,American,4.5,50,Tourist Trap,0.727,
r_3e6216,Ayat Bushwick,Bushwick,Middle Eastern,4.5,50,Universally Loved,0.893,
r_259235,Carmenta’s,Bushwick,Italian,4.7,50,Universally Loved,0.905,
r_7b2de4,Eyval,Bushwick,Restaurant,4.6,50,Universally Loved,0.956,
r_09b56a,Forever Thai,Bushwick,Thai,4.8,50,Hidden Gem,0.994,
r_632426,GiGi Curry & Noodle Bar,Bushwick,Thai,4.9,50,Universally Loved,0.986,
r_b4f9ea,L'imprimerie,Bushwick,French,4.6,50,Universally Loved,0.777,
r_f0ab66,La Cantine,Bushwick,French,4.6,50,Universally Loved,0.875,
r_e0de73,Leslie's Kitchen,Bushwick,Mexican,4.6,50,Universally Loved,0.898,
r_c78c8c,Mominette Bistro,Bushwick,French,4.3,50,Universally Loved,0.891,
r_00480a,Nana's House Kitchen & Bar,Bushwick,Restaurant,4.7,50,Universally Loved,0.939,
r_4fe0c8,Nowon Bushwick,Bushwick,Korean,4.5,50,Universally Loved,0.896,
r_9e3baf,Ops,Bushwick,Pizza,4.6,50,Universally Loved,0.797,
r_5c282a,Otis,Bushwick,American,4.8,50,Universally Loved,0.94,
r_958d4f,Salud Bar & Grill,Bushwick,Restaurant,4.5,50,Universally Loved,0.953,
r_33b477,Santa Panza,Bushwick,Pizza,4.6,50,Universally Loved,0.898,
r_556c4e,Sea Wolf Brooklyn,Bushwick,Seafood,4.3,50,Universally Loved,0.705,
r_80dd98,Sobre Masa,Bushwick,Mexican,4.5,50,Tourist Trap,0.709,
r_3d605a,Sunrise/Sunset,Bushwick,Cafe,4.3,50,Universally Loved,0.871,
r_06cada,TORA NYC,Bushwick,Japanese,4.8,50,Universally Loved,0.943,
r_e17498,Tabaré Bushwick,Bushwick,American,4.7,50,Universally Loved,0.952,
r_3abbdf,Tabbouleh Cafe & restaurant,Bushwick,Mediterranean,4.8,50,Universally Loved,0.908,
r_5c7e81,The Monkey King,Bushwick,Restaurant,4.6,50,Universally Loved,0.765,
r_f7d58f,Tlacualli Breakfast,Bushwick,Brunch,4.8,50,Universally Loved,0.961,
r_7ace62,TriniJam Bk Roti Bar & Grill,Canarsie,Caribbean,4.6,50,Universally Loved,0.868,
r_d686b5,de Islands,Canarsie,Caribbean,4.1,50,Under the Radar,0.592,
r_4df787,"Amélie West Village Restaurant, Bistro & Wine Bar",Chelsea,French,4.5,50,Universally Loved,0.966,
r_fd7589,BARO + K SUSHI,Chelsea,Restaurant,4.9,50,Universally Loved,0.996,
r_12854e,Bar Primi Penn District,Chelsea,Pizza,4.3,50,Universally Loved,0.839,
r_1cdf3d,Jajaja Mexicana,Chelsea,Mexican,4.3,50,Tourist Trap,0.707,
r_cb6ff5,Ling Long Soup Dumplings 玲珑小笼包,Chelsea,Restaurant,4.7,50,Hidden Gem,0.99,
r_c47bb5,Mikado,Chelsea,Japanese,4.5,50,Universally Loved,0.877,
r_10c148,Nan Xiang Xiao Long Bao,Chelsea,Restaurant,4.7,50,Universally Loved,0.898,
r_9033c1,Taqueria by El Prieto NYC,Chelsea,Mexican,4.8,50,Hidden Gem,0.973,
r_2d9ae9,Whitmans,Chelsea,Burgers,4.3,50,Universally Loved,0.822,
r_1428cb,Myrtle Thai,Clinton Hill,Thai,4.8,50,Hidden Gem,0.976,
r_b3f956,Sisters,Clinton Hill,American,4.3,50,Tourist Trap,0.721,
r_68d62a,Darna Falafel,Cobble Hill,Mediterranean,4.6,50,Tourist Trap,0.73,
r_ec7974,Enerugi Ramen,Cobble Hill,Ramen,4.9,50,Tourist Trap,0.834,
r_87557d,RUA Thai - Thai Restaurant Brooklyn,Cobble Hill,Thai,4.8,50,Hidden Gem,0.994,
r_933ee6,Katana Sushi,Columbia Street Waterfront District,Japanese,4.7,50,Universally Loved,0.925,
r_4c80ea,Blazin Chicken & Gyro,Concourse,Burgers,4.8,50,Hidden Gem,0.947,
r_b355e7,Hard Rock Cafe,Concourse,American,4.4,50,Hidden Gem,0.938,
r_cea6d1,New Sunflower Restaurant,Concourse,Chinese,4.4,50,Hidden Gem,0.825,
r_07bc76,KPOT Korean BBQ & Hot Pot,Coney Island,Korean,4.8,50,Tourist Trap,0.705,
r_764684,NY Bread Inc,Coney Island,Bakery,4.6,50,Universally Loved,0.884,
r_3e58ae,Superior Deli And Grill,Corona,Deli,4.6,50,Hidden Gem,0.767,
r_251ff4,Blindenpete,Crown Heights,Caribbean,4.9,50,Hidden Gem,0.955,
r_ef0565,Boeuf & Bun,Crown Heights,Burgers,4.4,50,Universally Loved,0.873,
r_646fb1,Bou'ote,Crown Heights,Restaurant,4.6,50,Tourist Trap,0.852,
r_12b40d,Cafe Rue Dix,Crown Heights,Restaurant,4.4,50,Universally Loved,0.842,
r_9f910b,Cent'Anni,Crown Heights,Italian,4.3,50,Tourist Trap,0.588,
r_75466b,Colina Cuervo,Crown Heights,Diner,4.6,50,Tourist Trap,0.878,
r_e11e20,Cornbread Brooklyn,Crown Heights,Restaurant,4.7,50,Universally Loved,0.809,
r_c34b7e,Crown Heights Mozzarella,Crown Heights,Restaurant,4.7,50,Universally Loved,0.816,
r_b184ca,Dhania,Crown Heights,Indian,4.7,50,Hidden Gem,0.928,
r_603793,Don Udon,Crown Heights,Japanese,4.9,50,Universally Loved,0.96,
r_21efc5,German's Soup,Crown Heights,Deli,4.2,50,Universally Loved,0.736,
r_036f8b,Greyz Bistro,Crown Heights,Caribbean,4.8,50,Universally Loved,0.95,
r_966ea5,Holy Schnitzel,Crown Heights,Restaurant,4.9,50,Hidden Gem,0.974,
r_9d29ad,Joenise,Crown Heights,Restaurant,4.1,50,Universally Loved,0.735,
r_aafd46,Lakou Cafe,Crown Heights,Vegan,4.5,50,Universally Loved,0.927,
r_51ef19,Long Kin Thai Kitchen & Bar,Crown Heights,Thai,4.9,50,Hidden Gem,0.985,
r_d6f0dd,Mayfield,Crown Heights,Burgers,4.5,50,Tourist Trap,0.719,
r_174528,Peppa's Jerk Chicken,Crown Heights,Caribbean,3.6,50,Under the Radar,0.458,
r_b8dadc,Trinidad Golden Place,Crown Heights,Bakery,4.6,50,Universally Loved,0.899,
r_a6c9c7,WARUDE,Crown Heights,Japanese,4.7,50,Universally Loved,0.972,
r_b7178b,Hikaru Ramen House,Dongan Hills,Ramen,4.5,41,Hidden Gem,0.871,
r_a7e490,Trattoria Oliveto,Dongan Hills,Restaurant,4.7,50,Universally Loved,0.911,
r_22ee74,Simple Noodle见面,Douglaston,Restaurant,4.7,39,Universally Loved,0.926,
r_52c1ee,Teriyaki One Japanese Grill (Teriyaki & Sushi),Downtown Brooklyn,Japanese,4.7,50,Universally Loved,0.878,
r_07d472,Kinjo,Dumbo,Japanese,4.9,50,Universally Loved,0.972,
r_086018,Lucky Rabbit Noodles,Dumbo,Restaurant,4.7,50,Universally Loved,0.925,
r_ef3f12,Cavatappi NYC,Dyker Heights,Italian,4.7,50,Universally Loved,0.921,
r_e0b736,East Harbor Seafood Palace,Dyker Heights,Chinese,4.3,50,Universally Loved,0.775,
r_227b75,Fonda Garibaldi,Dyker Heights,Mexican,4.8,50,Universally Loved,0.969,
r_b22228,Mama Rao's,Dyker Heights,Italian,4.7,50,Universally Loved,0.931,
r_0e190e,Yi Poh Kitchen Asian Cuisine,Dyker Heights,Chinese,4.8,50,Hidden Gem,0.984,
r_2bfc37,Ajo y Oregano,East Bronx,Caribbean,4.2,50,Universally Loved,0.736,
r_6d90b1,Azal Restaurant & Hall,East Bronx,Restaurant,4.2,50,Hidden Gem,0.728,
r_1d5b81,CEA - LO Cafe,East Bronx,Restaurant,4.2,50,Universally Loved,0.704,
r_8b7664,Cap't Loui Whitestone Bronx,East Bronx,Seafood,4.8,50,Hidden Gem,0.962,
r_e02b3e,El Pabellon De Oro,East Bronx,Chinese,4.5,50,Universally Loved,0.799,
r_29fd30,Hook & Reel Cajun Seafood & Bar,East Bronx,Seafood,4.5,50,Hidden Gem,0.818,
r_655ce1,Jimmy's Grand Cafe,East Bronx,Brunch,4.4,50,Tourist Trap,0.856,
r_52255e,La Masa Restaurant Throggs Neck,East Bronx,Restaurant,4.3,50,Tourist Trap,0.732,
r_985586,Mamajuana Cafe The Bronx,East Bronx,Cafe,3.9,50,Universally Loved,0.838,
r_801001,McDonald's,East Bronx,Burgers,3.4,50,Under the Radar,0.497,
r_acb176,Nana's Kitchen,East Bronx,Mediterranean,4.6,50,Universally Loved,0.855,
r_67dc9b,Pine Restaurant,East Bronx,Italian,4.5,50,Universally Loved,0.884,
r_4e0ca9,Step In,East Bronx,American,4.4,50,Tourist Trap,0.765,
r_5bffb7,Wicked Wolf Bronx,East Bronx,American,4.5,50,Universally Loved,0.801,
r_290f2a,Cannelle Patisserie,East Elmhurst,Bakery,4.6,50,Universally Loved,0.903,
r_d78934,Bamboo Walk Caribbean Restaurant,East Flatbush,Veggie,4.5,50,Hidden Gem,0.856,
r_9085b5,Perch,East Harlem,Restaurant,4.7,50,Universally Loved,0.939,
r_384c47,Sisters,East Harlem,Caribbean,4.1,50,Tourist Trap,0.684,
r_82473a,Sushi W - UES,East Harlem,Japanese,4.7,50,Universally Loved,0.932,
r_f2167e,AURA Tapas & Cocktail Bar,East Village,Italian,4.9,50,Universally Loved,0.992,
r_9b4eec,Aquarelle seafood & mediterranean east village restaurant NYC,East Village,Italian,4.8,50,Hidden Gem,0.992,
r_468616,B Cup Cafe & Eatery,East Village,Mediterranean,4.5,50,Universally Loved,0.893,
r_36c840,Cafe Mogador,East Village,Restaurant,4.5,50,Universally Loved,0.831,
r_248477,Dumpling N’ Dips,East Village,Restaurant,4.8,50,Universally Loved,0.9,
r_3591ef,Dumpling Xi 喜家德水饺,East Village,Chinese,4.7,50,Hidden Gem,0.929,
r_fe68e1,Hearth,East Village,Italian,4.5,50,Tourist Trap,0.82,
r_c87be3,LOS TACOS No.1,East Village,Mexican,4.8,50,Hidden Gem,0.907,
r_fcfc92,Loong Noodles,East Village,Chinese,4.6,50,Universally Loved,0.898,
r_1c6e9d,Mamoun's Falafel,East Village,Mediterranean,4.4,50,Universally Loved,0.704,
r_06a77b,Mountain House East Village,East Village,Chinese,4.6,50,Hidden Gem,0.972,
r_237ac2,MáLà Project,East Village,Chinese,4.4,50,Universally Loved,0.919,
r_fd4f87,Nan Xiang Soup Dumplings - East Village,East Village,Restaurant,4.8,50,Hidden Gem,0.977,
r_71c31d,Plado Tasting Bar,East Village,Mediterranean,4.7,50,Universally Loved,0.909,
r_a5d692,Poppy,East Village,American,4.9,50,Universally Loved,0.926,
r_2173b5,Smør,East Village,Restaurant,4.6,50,Universally Loved,0.734,
r_7ab176,Somtum Der,East Village,Thai,4.5,50,Universally Loved,0.829,
r_b2f3e4,Soothr,East Village,Thai,4.7,50,Hidden Gem,0.966,
r_eb2591,Sushi By Bou - East Village NYC,East Village,Restaurant,4.8,30,Local Favorite,0.95,
r_1714ce,TabeTomo,East Village,Ramen,4.5,50,Tourist Trap,0.682,
r_f196fa,The Smith,East Village,American,4.4,50,Universally Loved,0.925,
r_d01dba,Thursday Kitchen,East Village,Korean,4.6,50,Universally Loved,0.899,
r_d6137b,Seichou Ramen,Elmhurst,Restaurant,4.9,50,Tourist Trap,0.906,
r_0e86da,Ohkami Ramen,Eltingville,Ramen,4.7,50,Universally Loved,0.868,
r_fe9e87,Riva Mediterranean & Turkish Cuisine,Eltingville,Restaurant,4.8,50,Hidden Gem,0.944,
r_21a876,1165 beach channel deli,Far Rockaway,Deli,4.5,50,Hidden Gem,0.723,
r_b82c7d,BEACH BREEZE DELI,Far Rockaway,Restaurant,3.7,23,Local Favorite,0.789,
r_9ca4c2,Baskin-Robbins,Far Rockaway,Dessert,3.7,38,Under the Radar,0.316,
r_f09c2f,Beach Dunes Eats & Arts,Far Rockaway,Deli,4.4,50,Universally Loved,0.788,
r_f820b8,Best Caribbean,Far Rockaway,Restaurant,4.0,50,Tourist Trap,0.529,
r_cd50b7,Buona Pizza,Far Rockaway,Pizza,3.6,50,Under the Radar,0.594,
r_f444a8,Chapines Bakery,Far Rockaway,Bakery,4.0,29,Local Favorite,0.697,
r_49a7e7,Deli grocery shef pepin,Far Rockaway,Deli,4.7,29,Local Favorite,0.978,
r_3cbe5e,Domino's Pizza,Far Rockaway,Pizza,2.9,50,Under the Radar,0.276,
r_0b8a74,El Nuevo Ambiente,Far Rockaway,Deli,4.2,50,Hidden Gem,0.852,
r_c06548,Fat Cardinal Provisions,Far Rockaway,Bakery,4.8,50,Universally Loved,0.93,
r_f5d347,Fresh Bites Deli,Far Rockaway,Deli,4.6,50,Hidden Gem,0.895,
r_b944bc,Gino's Pizzeria And Restaurant,Far Rockaway,Pizza,4.1,50,Hidden Gem,0.74,
r_e66477,Gold More Deli,Far Rockaway,Deli,4.3,50,Hidden Gem,0.837,
r_5a8d8b,HalalXtreme Grill,Far Rockaway,Mediterranean,4.7,50,Hidden Gem,0.867,
r_961ab1,Ichiban sushi and cajun harbor,Far Rockaway,Japanese,4.1,50,Universally Loved,0.775,
r_6de030,J&M Pizza,Far Rockaway,Pizza,3.4,50,Under the Radar,0.438,
r_418fde,Kelvin Grocery & Deli,Far Rockaway,Restaurant,4.4,46,Tourist Trap,0.56,
r_6350cc,La Palma,Far Rockaway,American,4.2,50,Hidden Gem,0.749,
r_159aa6,La Playa,Far Rockaway,American,4.1,50,Universally Loved,0.773,
r_846212,Las Delicias Adonai Inc,Far Rockaway,Mexican,4.4,37,Local Favorite,0.774,
r_2a550e,Los Latinos Mini Market Corp.,Far Rockaway,Deli,3.5,24,Local Favorite,0.343,
r_aa4d95,Lucky Cornaga,Far Rockaway,Chinese,3.6,50,Hidden Gem,0.685,
r_b519f9,Oasis,Far Rockaway,Ramen,4.7,50,Tourist Trap,0.844,
r_63fab3,Quick Pizza,Far Rockaway,Pizza,4.3,50,Hidden Gem,0.82,
r_953cdf,Rockaway Beach Club,Far Rockaway,Restaurant,4.5,50,Universally Loved,0.823,
r_9ee78f,Rockaway Beach Surf Club,Far Rockaway,Restaurant,4.6,50,Universally Loved,0.923,
r_160c69,Rockaway Express Deli & Grocery,Far Rockaway,Deli,4.3,50,Hidden Gem,0.839,
r_c28532,Rockaway Kosher Supermarket,Far Rockaway,Restaurant,4.6,50,Hidden Gem,0.855,
r_0cfb8a,Rohan Deli,Far Rockaway,Deli,4.3,50,Under the Radar,0.44,
r_91eaeb,SIMILAN ON THE BAY,Far Rockaway,Thai,4.9,50,Hidden Gem,0.914,
r_6c44f3,Sal y Lima,Far Rockaway,Mexican,4.4,50,Universally Loved,0.842,
r_4787c9,Sayra's Wine Bar,Far Rockaway,Restaurant,4.4,50,Universally Loved,0.816,
r_8fcc59,Seagirt Market & Deli,Far Rockaway,Restaurant,3.8,48,Hidden Gem,0.578,
r_cd0426,Shop Fair of Wavecrest,Far Rockaway,Restaurant,3.8,50,Under the Radar,0.391,
r_8ad3ca,Subway,Far Rockaway,Deli,3.3,50,Under the Radar,0.422,
r_29923d,Sunny,Far Rockaway,Japanese,4.2,50,Hidden Gem,0.87,
r_08d4b1,Taco Bell,Far Rockaway,Mexican,3.5,50,Under the Radar,0.466,
r_f3659c,Tacos Y Mas,Far Rockaway,Mexican,4.0,50,Hidden Gem,0.686,
r_6d5955,Taqueria Los Carnales & Coffee shop,Far Rockaway,Mexican,4.3,50,Hidden Gem,0.825,
r_ae3509,Valencia Flowers Inc.,Far Rockaway,Bakery,3.9,50,Hidden Gem,0.724,
r_e73a7f,Aroydee Thai Kitchen,Financial District,Thai,4.7,50,Universally Loved,0.97,
r_768875,Blue Ribbon Sushi Bar & Grill - Financial District,Financial District,Japanese,4.5,50,Tourist Trap,0.67,
r_fe322e,Imm Thai NYC,Financial District,Thai,4.6,50,Hidden Gem,0.939,
r_c3c22d,Mei Lai Wah | Wonton Noodle Garden,Financial District,Chinese,4.3,50,Tourist Trap,0.805,
r_cbdd32,Mikado Sushi,Financial District,Japanese,4.7,50,Universally Loved,0.83,
r_bd8f8d,Otani,Financial District,Japanese,4.7,50,Universally Loved,0.887,
r_4fef24,SUteiShi Japanese Restaurant,Financial District,Japanese,4.6,50,Universally Loved,0.95,
r_78300a,Sushi & Co,Financial District,Japanese,4.6,50,Universally Loved,0.916,
r_df767e,Dumpling Xi,Flushing,Restaurant,4.7,50,Universally Loved,0.882,
r_892c2a,Falafel Bites,Flushing,Mediterranean,4.9,50,Universally Loved,0.971,
r_c7d735,Hanami Ramen,Flushing,Ramen,4.9,50,Tourist Trap,0.926,
r_345d97,Handmade Dumpling,Flushing,Restaurant,4.8,22,Local Favorite,0.756,
r_6afdee,Hongdae Korean restaurant,Flushing,Korean,4.8,50,Hidden Gem,0.97,
r_5fff33,JeunJu Korean Restaurant 전주식당 | 전주할매칼국수 - Authentic Korean home style food,Flushing,Korean,4.7,50,Universally Loved,0.973,
r_0de520,Jungme Gukbop - Korean Pork bone soup restaurant,Flushing,Korean,4.7,50,Universally Loved,0.904,
r_cf7537,"KTown Octopus House 낙지하우스 ㅣKorean restaurant, Korean Spicy Seafood",Flushing,Korean,4.6,50,Universally Loved,0.807,
r_6c981e,Maspeth Deli & Grill,Flushing,Deli,4.5,50,Hidden Gem,0.864,
r_cd6c16,Noodle valley,Flushing,Chinese,5.0,50,Hidden Gem,1.0,
r_75fdc2,ShiMiaoDao Yunnan Rice Noodles 十秒到（云南）过桥米线,Flushing,Chinese,4.7,50,Universally Loved,0.883,
r_df46dc,The Original Famous Pita & Falafel Tanami,Flushing,Restaurant,4.9,35,Local Favorite,0.981,
r_d28301,When in Bangkok,Flushing,Thai,4.8,50,Tourist Trap,0.762,
r_c0e50d,Yasubee Authentic Ramen,Flushing,Japanese,4.6,50,Universally Loved,0.858,
r_b3337c,토속촌,Flushing,Korean,4.8,50,Hidden Gem,0.927,
r_5a381c,Bobo's Crab Shack (Fordham),Fordham Heights,Seafood,4.6,50,Hidden Gem,0.982,
r_30c3bc,Elsa La Reina Del Chicharron,Fordham Heights,Restaurant,4.3,50,Universally Loved,0.825,
r_e7ab42,Fordham Cachapas Deli,Fordham Heights,Deli,4.5,50,Hidden Gem,0.922,
r_389ffa,Fordham Fried Chicken & Seafood Inc.,Fordham Heights,Seafood,4.3,50,Universally Loved,0.672,
r_04122d,Fordham Fried Seafood & Chicken,Fordham Heights,Seafood,4.5,50,Universally Loved,0.88,
r_10c8fd,Grub House,Fordham Heights,Restaurant,4.9,50,Hidden Gem,0.96,
r_cb940c,Lulo,Fordham Heights,Deli,4.2,50,Under the Radar,0.638,
r_df4961,Nuevo Three Way Restaurant,Fordham Heights,Deli,4.0,50,Under the Radar,0.577,
r_394aa2,Birria Landia,Fordham Manor,Mexican,4.5,50,Universally Loved,0.873,
r_94f80f,Chick-fil-A,Fordham Manor,Deli,4.6,50,Hidden Gem,0.898,
r_a65acd,North Star Cafe - Fordham,Fordham Manor,Burgers,4.1,50,Universally Loved,0.756,
r_9d10c1,Kuku Korean Cuisine Forest Hills,Forest Hills,Korean,4.5,50,Universally Loved,0.817,
r_fb69c2,Local Hops,Forest Hills,Burgers,4.7,50,Tourist Trap,0.836,
r_5e8427,Martha's Country Bakery,Forest Hills,Bakery,4.4,50,Universally Loved,0.824,
r_28f209,Mojo,Forest Hills,Brunch,4.7,50,Universally Loved,0.989,
r_745cff,Oh K-Dog Forest Hills,Forest Hills,Korean,4.7,50,Hidden Gem,0.929,
r_b2e21d,Woori Korean Restaurant,Fort Greene,Korean,4.7,50,Universally Loved,0.901,
r_816a30,Beets and Carrots,Fort Hamilton,American,4.7,50,Universally Loved,0.944,
r_150308,Brooklyn Roots Italian,Fort Hamilton,Italian,4.6,50,Universally Loved,0.972,
r_d74196,Cebu,Fort Hamilton,Restaurant,4.5,50,Hidden Gem,0.884,
r_7ef93f,The Common,Fort Hamilton,Brunch,4.8,50,Universally Loved,0.952,
r_a5fae7,Da Noi,Fort Wadsworth,Italian,4.5,50,Universally Loved,0.899,
r_532545,Boon Dee Moo Ka Ta Thai B.B.Q.,Fresh Meadows,Restaurant,4.7,50,Hidden Gem,0.976,
r_dd309e,Union Bistro Steakhouse and Sushi,Fresh Meadows,Steakhouse,4.8,50,Universally Loved,0.919,
r_10666c,Zum Stammtisch,Glendale,Restaurant,4.7,50,Universally Loved,0.879,
r_fd3be7,Mansoura Bakery,Gravesend,Bakery,4.6,50,Hidden Gem,0.926,
r_62dcca,Island Social,Great Kills,Burgers,4.9,50,Hidden Gem,0.973,
r_3c57c0,Marina Cafe Restaurant & Tiki Bar,Great Kills,Italian,4.3,50,Universally Loved,0.806,
r_a1beda,21 Greenpoint,Greenpoint,American,4.4,50,Universally Loved,0.886,
r_96a8bc,ACRE,Greenpoint,Japanese,4.7,50,Tourist Trap,0.851,
r_8f8864,Chez Ma Tante,Greenpoint,Restaurant,4.4,50,Universally Loved,0.816,
r_4c96d4,Chinta Thai,Greenpoint,Thai,4.8,50,Universally Loved,0.965,
r_3954d4,El Pingüino,Greenpoint,Seafood,4.7,50,Universally Loved,0.939,
r_fbd642,Five Leaves,Greenpoint,Brunch,4.3,50,Universally Loved,0.855,
r_198c79,Frijoleros,Greenpoint,Restaurant,4.8,50,Universally Loved,0.954,
r_51efed,Glasserie,Greenpoint,Mediterranean,4.5,50,Universally Loved,0.865,
r_7254d5,HOUSE Brooklyn,Greenpoint,Japanese,4.8,50,Universally Loved,0.937,
r_ec5614,Karczma,Greenpoint,Restaurant,4.6,50,Universally Loved,0.941,
r_4f92e8,Knori Hand Roll Bar,Greenpoint,Japanese,4.9,50,Universally Loved,0.885,
r_a44698,La Contenta Greenpoint,Greenpoint,Mexican,4.9,50,Tourist Trap,0.892,
r_0e2aec,Leroy’s,Greenpoint,American,4.5,50,Tourist Trap,0.727,
r_1bd24a,Lingo,Greenpoint,Japanese,4.6,50,Universally Loved,0.885,
r_d41bbc,MADRE,Greenpoint,Restaurant,4.7,50,Universally Loved,0.779,
r_eccd2b,Naked Dog,Greenpoint,Italian,4.6,50,Universally Loved,0.861,
r_d9bf6f,Nerina,Greenpoint,Greek,4.7,50,Universally Loved,0.936,
r_6643f4,Oh Dumplings,Greenpoint,Chinese,4.7,50,Tourist Trap,0.805,
r_c6e5fe,Oxomoco,Greenpoint,Mexican,4.5,50,Universally Loved,0.91,
r_a27aad,Radio Star,Greenpoint,Brunch,4.6,50,Universally Loved,0.843,
r_2944c5,Retro Polish Restaurant and Wine Bar,Greenpoint,Restaurant,4.7,50,Tourist Trap,0.856,
r_0d2dca,Sereneco,Greenpoint,Italian,4.6,50,Hidden Gem,0.956,
r_b52571,Wenwen,Greenpoint,Restaurant,4.5,50,Universally Loved,0.873,
r_b3d059,Dinosaur Bar-B-Que,Harlem,BBQ,4.4,50,Universally Loved,0.875,
r_fb4465,Taqueria Allende,Harlem,Mexican,4.7,50,Universally Loved,0.885,
r_163902,Neo Restaurant,Hollis Hills,Restaurant,4.9,44,Universally Loved,0.983,
r_e29dca,N Bakery,Homecrest,Bakery,4.7,50,Tourist Trap,0.694,
r_6ecaa9,Bruno,Howard Beach,Italian,4.7,50,Universally Loved,0.965,
r_eb2ca1,KPOT Korean BBQ & Hot Pot,Howard Beach,Korean,4.7,50,Hidden Gem,0.815,
r_4f2f0f,4 Milli Cafe & Caribbean Cuisine INC,Jamaica,Restaurant,4.7,50,Universally Loved,0.911,
r_c53e5b,876 Caribbean Eatery,Jamaica,Caribbean,4.3,50,Tourist Trap,0.705,
r_4590b2,Bad Mon Jerk Chicken and Waffles INC,Jamaica,Restaurant,4.9,50,Hidden Gem,0.996,
r_4c67f8,Caribbean Style Cuisine,Jamaica,Brunch,3.9,50,Universally Loved,0.831,
r_8a3bbd,Due Fratelli,Jamaica,Pizza,4.8,50,Hidden Gem,0.94,
r_ccbc95,Jamaica Delicatessen Food,Jamaica,Deli,4.2,50,Hidden Gem,0.881,
r_c2c6e7,Pizza Pub,Jamaica,Pizza,2.1,48,Under the Radar,0.129,
r_7ca2d9,The Local,Jamaica,Restaurant,1.5,50,Under the Radar,0.016,
r_821210,Trini Kitchen Seafood & Grill,Jamaica,Restaurant,4.8,50,Universally Loved,0.947,
r_fe84cf,Wok & Roll,Jamaica,Chinese,1.9,50,Under the Radar,0.058,
r_7513a7,Jaew Thai Cuisine,Kensington,Thai,4.8,50,Hidden Gem,0.973,
r_bf193f,Flame Kabab and Grill,Kew Gardens,Halal,4.7,50,Tourist Trap,0.783,
r_56a9cb,Casa Verde Restaurant,Lighthouse Hill,Italian,4.6,50,Tourist Trap,0.87,
r_e470bf,Dumpling Magic LIC,Long Island City,Restaurant,4.9,50,Universally Loved,1.0,
r_a31268,GoodFellas Pizzeria of L.I.C.,Long Island City,Pizza,4.7,50,Universally Loved,0.823,
r_66a16f,Kyodong Noodles,Long Island City,Korean,4.7,50,Tourist Trap,0.885,
r_292e58,Namudol,Long Island City,Restaurant,4.8,50,Hidden Gem,0.912,
r_8aa1c1,Ramen Spot Made in NY (LIC),Long Island City,Ramen,4.7,50,Universally Loved,0.914,
r_cf1241,Sarajevo Grill,Long Island City,Restaurant,4.7,50,Hidden Gem,0.986,
r_718b5d,Susuru Ramen,Long Island City,Ramen,4.8,50,Universally Loved,0.938,
r_885b01,The Local Bar & Cafe,Long Island City,Cafe,4.8,50,Universally Loved,0.95,
r_e10f29,"ZIGGLE Tofu & Grill | Healthy Korean Food in Sunnyside, Queens NYC",Long Island City,Korean,4.6,50,Universally Loved,0.845,
r_10d0c1,BETTY,Lower East Side,American,4.7,50,Hidden Gem,0.988,
r_765d93,Cafe Skye LES,Lower East Side,Cafe,4.8,50,Universally Loved,0.86,
r_3ce96b,Dudleys,Lower East Side,Restaurant,4.4,50,Universally Loved,0.957,
r_a27d59,Essex,Lower East Side,Mediterranean,4.8,50,Hidden Gem,0.931,
r_b38147,Fossetta,Lower East Side,Mediterranean,4.7,50,Universally Loved,0.889,
r_01b980,Freemans,Lower East Side,Brunch,4.4,50,Tourist Trap,0.737,
r_0b9e7b,Jiang Nan NYC,Lower East Side,Chinese,4.8,50,Hidden Gem,0.997,
r_1de5ee,Jin Mei Dumpling,Lower East Side,Chinese,4.7,50,Universally Loved,0.912,
r_41b5f7,Kalye,Lower East Side,Restaurant,4.8,50,Universally Loved,0.969,
r_2ca329,Kiki's,Lower East Side,Greek,4.4,50,Tourist Trap,0.679,
r_199f53,LES Enfants de Bohème,Lower East Side,French,4.4,50,Tourist Trap,0.763,
r_7e18b3,La Contenta,Lower East Side,Mexican,4.6,50,Tourist Trap,0.668,
r_f40a0e,Le Jardin Bistro NYC,Lower East Side,French,4.7,50,Universally Loved,0.901,
r_93463a,Osaka Fusion BBQ & Sushi 藏王居 です - Chinatown,Lower East Side,Japanese,4.9,40,Hidden Gem,0.977,
r_d821f3,Russ & Daughters Cafe,Lower East Side,Brunch,4.6,50,Universally Loved,0.93,
r_58ba36,Shu Jiao Fu Zhou,Lower East Side,Chinese,4.6,50,Universally Loved,0.819,
r_c3dc9f,Sixty Three Clinton,Lower East Side,American,4.7,50,Universally Loved,0.82,
r_62da62,Spicy Village,Lower East Side,Chinese,4.5,50,Universally Loved,0.897,
r_8ff8b3,Trapizzino,Lower East Side,Italian,4.5,50,Tourist Trap,0.712,
r_afaf2e,Zest Sushi,Lower East Side,Japanese,4.6,50,Universally Loved,0.919,
r_1fc8b7,FIELDTRIP,Manhattan,Vegan,4.3,50,Universally Loved,0.785,
r_63ff6b,LOS TACOS No.1,Manhattan,Mexican,4.7,50,Universally Loved,0.957,
r_7f2ef9,Lou Yau Kee,Manhattan,Chinese,4.4,50,Universally Loved,0.798,
r_75ac75,A Slice of Brooklyn Bus Tours,Mapleton,Restaurant,4.9,50,Universally Loved,1.0,
r_c86045,Arberia,Mapleton,Cafe,4.9,50,Universally Loved,0.996,
r_b02a1e,FalafaLafa,Marine Park,Middle Eastern,4.7,50,Universally Loved,0.85,
r_393119,Porto Salvo,Melrose,Pizza,4.6,50,Universally Loved,0.867,
r_b6fab2,Xochimilco Family Restaurant,Melrose,Mexican,4.4,50,Hidden Gem,0.884,
r_94a5de,American Grill,Mid Island,Burgers,4.8,50,Universally Loved,0.911,
r_c00da2,Angelina's Kitchen,Mid Island,Italian,4.3,50,Universally Loved,0.861,
r_d52584,BOTA Supper Club,Mid Island,American,4.9,50,Universally Loved,0.902,
r_21b506,Baci - Staten Island,Mid Island,Italian,4.2,50,Universally Loved,0.855,
r_4eb33a,Beso,Mid Island,Restaurant,4.5,50,Universally Loved,0.79,
r_d3bb6d,Charcoal Gardenia,Mid Island,Mediterranean,4.8,50,Universally Loved,0.842,
r_bcd174,Fava Restaurant,Mid Island,Restaurant,4.6,50,Universally Loved,0.848,
r_952e9b,Il Sapore cafe,Mid Island,Restaurant,4.7,50,Hidden Gem,0.973,
r_a5e53d,Jody's Club Forest,Mid Island,American,4.6,50,Universally Loved,0.927,
r_00a8c0,Masala Harbor,Mid Island,Indian,4.8,50,Universally Loved,0.94,
r_323167,Max's Es-ca,Mid Island,Italian,4.6,50,Universally Loved,0.86,
r_b0d1fd,Nonnas of the World Community,Mid Island,Italian,4.7,50,Tourist Trap,0.821,
r_419b88,Osteria Santina,Mid Island,Italian,4.6,50,Universally Loved,0.919,
r_a0ebc6,Raval Steakhouse,Mid Island,Steakhouse,4.8,50,Tourist Trap,0.89,
r_714667,Roberto's Gourmet Kitchen,Mid Island,Italian,4.7,50,Universally Loved,0.886,
r_98f628,SILK SPOON,Mid Island,Restaurant,5.0,50,Hidden Gem,1.0,
r_8b8d63,Sally's Southern & BBQ,Mid Island,Restaurant,4.4,50,Tourist Trap,0.754,
r_978e75,Sandwich and Pickle Modern Delicatessen,Mid Island,Restaurant,4.6,50,Universally Loved,0.834,
r_02d238,Talay,Mid Island,Thai,4.5,50,Tourist Trap,0.793,
r_c51306,The Basement,Mid Island,Restaurant,4.6,50,Universally Loved,0.903,
r_4d1a82,The LocaL,Mid Island,Restaurant,4.3,50,Universally Loved,0.776,
r_6421eb,The Manor,Mid Island,Italian,4.5,50,Universally Loved,0.935,
r_58e662,The Stone House at Clove Lakes,Mid Island,Steakhouse,4.4,50,Tourist Trap,0.694,
r_3038c1,Al Aqsa Restaurant Falafel House,Midland Beach,Mediterranean,4.9,50,Hidden Gem,0.98,
r_99c569,Lilya's Restaurant & Grill Cafe Gourmand,Midland Beach,Restaurant,4.6,50,Hidden Gem,0.826,
r_598e74,Violette's Restaurant - Staten Island,Midland Beach,Italian,4.2,50,Universally Loved,0.93,
r_67ed67,Artichoke Basille's Pizza,Midtown,Pizza,4.1,50,Universally Loved,0.888,
r_b5a5ce,Bourbon Steak by Michael Mina,Midtown,Steakhouse,4.6,50,Universally Loved,0.903,
r_c3fa8e,Broad Nosh Bagels Deli & Catering 58th Street,Midtown,Burgers,4.8,50,Universally Loved,0.872,
r_72e3a3,Brooklyn Chop House Steakhouse Times Square,Midtown,Chinese,4.1,50,Universally Loved,0.759,
r_be69e7,Brooklyn Diner USA,Midtown,Diner,4.3,50,Universally Loved,0.927,
r_4af030,Bryant Park Grill,Midtown,Restaurant,4.3,50,Tourist Trap,0.795,
r_851882,Buena Vista Restaurant & Bar,Midtown,Seafood,4.7,50,Universally Loved,0.96,
r_809daa,Burgermania,Midtown,Burgers,4.5,50,Universally Loved,0.853,
r_bbc90b,Calle Dao,Midtown,Chinese,4.4,50,Universally Loved,0.844,
r_80a471,Chi Restaurant & Bar,Midtown,Chinese,4.7,50,Universally Loved,0.804,
r_28709f,Da Marino NYC,Midtown,Italian,4.2,50,Universally Loved,0.787,
r_084ec6,Dim Sum Palace,Midtown,Chinese,4.3,50,Universally Loved,0.816,
r_3ced2e,Dim Sum Sam,Midtown,Chinese,4.5,50,Hidden Gem,0.963,
r_ada367,El Rey Tacos,Midtown,Mexican,4.7,50,Universally Loved,0.931,
r_3336cd,Falafel Plant,Midtown,Mediterranean,4.8,50,Tourist Trap,0.805,
r_69c77e,Five Guys,Midtown,Burgers,4.3,50,Tourist Trap,0.676,
r_ab8f4b,Four Four South Village 四四南村 - 46th Street,Midtown,Chinese,4.3,50,Tourist Trap,0.737,
r_a0ebc5,Fushimi Times Square,Midtown,Japanese,4.5,50,Universally Loved,0.841,
r_7e7bd6,Grab N Go Deli,Midtown,Deli,4.7,50,Tourist Trap,0.827,
r_e21305,Guantanamera,Midtown,Restaurant,4.5,50,Universally Loved,0.855,
r_fc98cb,HK Cantina,Midtown,Mexican,4.5,50,Universally Loved,0.83,
r_d3d6ad,Isla & Co. - Midtown,Midtown,Brunch,4.8,50,Hidden Gem,0.991,
r_ff7a49,Jasmine's Caribbean Cuisine,Midtown,Caribbean,4.4,50,Universally Loved,0.848,
r_163833,Kausa,Midtown,Peruvian,4.5,50,Hidden Gem,0.979,
r_97cb36,Kin ramen,Midtown,Ramen,4.8,50,Hidden Gem,0.941,
r_75fe0b,La Esquina,Midtown,Mexican,4.2,50,Universally Loved,0.905,
r_ed8346,La Pecora Bianca Bryant Park,Midtown,Italian,4.8,50,Hidden Gem,0.984,
r_59444c,Le Pain Quotidien,Midtown,Bakery,3.9,50,Tourist Trap,0.638,
r_baed5e,Mamasita Bar & Grill,Midtown,Mexican,4.7,50,Hidden Gem,0.996,
r_faaa39,Mermaid Oyster Bar Times Square,Midtown,Seafood,4.5,50,Tourist Trap,0.684,
r_851c61,Momofuku Noodle Bar Uptown,Midtown,Ramen,4.2,50,Tourist Trap,0.686,
r_ddf032,MáLà Project Bryant Park,Midtown,Chinese,4.3,50,Hidden Gem,0.824,
r_e9affa,Noona Noodles,Midtown,Korean,4.4,50,Tourist Trap,0.755,
r_dd34a7,SESAMO - Italian Restaurant Hell's Kitchen,Midtown,Italian,4.6,50,Tourist Trap,0.802,
r_0b9aca,Sarabeth's Central Park South,Midtown,Brunch,4.1,50,Universally Loved,0.804,
r_69817c,Sopo Korean Eats,Midtown,Korean,4.7,50,Hidden Gem,0.918,
r_40254d,Tacos La 36 NY,Midtown,Mexican,4.8,50,Universally Loved,0.966,
r_43bccb,Tacos del Barrio,Midtown,Restaurant,4.9,50,Hidden Gem,0.984,
r_e71a2b,The Chef's Table at Brooklyn Fare,Midtown,Japanese,4.2,50,Universally Loved,0.931,
r_601ee3,The Independent,Midtown,American,4.5,50,Universally Loved,0.928,
r_b54adc,UT47 Kitchen & Bar,Midtown,Korean,4.7,50,Universally Loved,0.926,
r_c5b4a7,57 Deli Gourmet,Midtown East,Deli,4.3,33,Local Favorite,0.857,
r_7a34d3,Amali NYC,Midtown East,Mediterranean,4.3,50,Universally Loved,0.747,
r_1cf68e,Au Za'atar - Midtown East,Midtown East,Mediterranean,4.5,50,Tourist Trap,0.767,
r_2c7bc1,Cafe Luce – Italian Restaurant & Wine Bar,Midtown East,Italian,4.7,50,Universally Loved,0.959,
r_acd3fb,Deux Amis,Midtown East,French,4.5,50,Universally Loved,0.857,
r_004586,Gyu-Kaku Japanese BBQ,Midtown East,Japanese,4.5,50,Hidden Gem,0.986,
r_1f6570,Jukai,Midtown East,Japanese,4.0,50,Hidden Gem,0.865,
r_bbc71b,Land of Plenty,Midtown East,Chinese,4.2,50,Universally Loved,0.767,
r_4fe182,MáLà Project 53rd St,Midtown East,Chinese,4.5,50,Hidden Gem,0.929,
r_2fb16e,Philippe Chow,Midtown East,Chinese,4.3,50,Universally Loved,0.922,
r_65d72d,Uptaco - Breakfast Tacos & More,Midtown East,Cafe,4.6,49,Universally Loved,0.919,
r_00ae9b,Bordeaux Steakhouse,Midwood,French,4.8,50,Hidden Gem,0.979,
r_1270ea,Falafel Tanami,Midwood,Middle Eastern,4.8,50,Universally Loved,0.967,
r_9a6eaf,Pita on J,Midwood,Restaurant,5.0,50,Universally Loved,0.992,
r_1a0fc5,Sabra Shack,Midwood,Restaurant,4.9,50,Hidden Gem,0.988,
r_e3f899,Jobito Bronx,Morris Heights,Restaurant,4.5,29,Local Favorite,0.899,
r_f0cd81,Dagg Thai Restaurant,Murray Hill,Thai,4.9,50,Universally Loved,0.946,
r_68b9e8,Fyahbun Creative,Murray Hill,Restaurant,4.8,50,Universally Loved,0.926,
r_e60649,JOJI BOX,Murray Hill,Japanese,4.0,50,Tourist Trap,0.679,
r_cef443,Joe's Home of Soup Dumplings,Murray Hill,Chinese,4.5,50,Universally Loved,0.88,
r_769966,KJUN,Murray Hill,Korean,4.9,50,Universally Loved,0.969,
r_8e4ef5,LOS TACOS No.1,Murray Hill,Mexican,4.7,50,Universally Loved,0.963,
r_9482cb,Thai Food Near Me,Murray Hill,Thai,4.8,50,Tourist Trap,0.782,
r_df24c0,Tosokchon NYC,Murray Hill,Korean,4.6,50,Hidden Gem,0.933,
r_74417d,Yezo Thai Isankaya,Murray Hill,Japanese,4.9,50,Universally Loved,0.973,
r_8f853d,Ziggle Tofu & Grill,Murray Hill,Korean,4.8,50,Tourist Trap,0.808,
r_2a067b,Seabass Taverna,New Dorp,Mediterranean,4.8,50,Universally Loved,0.941,
r_a5522b,Ariellas Restaurant,New Dorp Beach,Restaurant,4.8,50,Universally Loved,0.944,
r_778dae,Harvest Cafe,New Dorp Beach,Brunch,4.7,50,Universally Loved,0.962,
r_cea88e,The Local Press,Ozone Park,Burgers,4.6,50,Universally Loved,0.857,
r_17d98f,Konoha Yakitori Ramen and Sushi House,Park Slope,Japanese,4.9,50,Universally Loved,0.959,
r_55b158,Toyo Ramen Bar,Park Slope,Ramen,4.8,50,Universally Loved,0.958,
r_7a42c0,iNine Bistro,Port Morris,Deli,4.4,50,Hidden Gem,0.952,
r_de97b2,Lacey's Bridge Tavern,Port Richmond,Restaurant,4.6,50,Universally Loved,0.914,
r_01e17c,Latinos NYC,Port Richmond,Restaurant,4.7,32,Local Favorite,0.944,
r_9f380f,Jerusalem Falafel House,Prospect Lefferts Gardens,Middle Eastern,4.7,50,Universally Loved,0.91,
r_fde985,Bento Sushi,Queens,Japanese,2.9,50,Under the Radar,0.362,
r_879020,Camden Food,Queens,Bakery,1.5,50,Under the Radar,0.0,
r_7e2d8a,Jikji Cafe,Queens,Restaurant,2.0,50,Under the Radar,0.097,
r_d76aa8,Mi Casa,Queens,Mexican,1.4,50,Under the Radar,0.176,
r_5c97ce,Pizza Vino,Queens,Pizza,2.5,50,Under the Radar,0.075,
r_be2b3f,Soy & Sake Asian Eats,Queens,Restaurant,1.7,50,Under the Radar,0.118,
r_1799c1,USA Brooklyn Delicatessen,Queens,Restaurant,1.8,50,Under the Radar,0.014,
r_87d8c3,Cookerz Blend,Queens Village,Caribbean,4.7,50,Universally Loved,0.909,
r_573f2a,Iron Age Korean Steakhouse,Rego Park,Korean,4.6,50,Hidden Gem,0.884,
r_451d77,Canlon's,Richmond,American,4.6,50,Universally Loved,0.913,
r_db8552,Caribbean Cabana,Richmond Hill,Caribbean,4.2,50,Universally Loved,0.851,
r_344290,Mano's Pizzeria,Ridgewood,Pizza,4.8,50,Universally Loved,0.841,
r_9b22be,Pattanian Thai Restaurant,Ridgewood,Thai,4.6,50,Universally Loved,0.86,
r_82983a,Rudy's Pastry Shop,Ridgewood,Bakery,4.6,50,Universally Loved,0.916,
r_57c1bb,Superior Deli,Ridgewood,Deli,4.4,50,Hidden Gem,0.967,
r_681e83,301,Rockaway Beach,Chinese,3.9,50,Hidden Gem,0.641,
r_0b6c39,Appetito Deli,Rockaway Beach,Deli,3.9,28,Local Favorite,0.825,
r_9d4ee6,Domino's Pizza,Rockaway Beach,Pizza,4.3,50,Under the Radar,0.506,
r_69d6e1,Dragon Garden,Rockaway Beach,Chinese,3.7,50,Under the Radar,0.514,
r_4dbf0d,Elegante Restaurant & Pizzeria,Rockaway Beach,Pizza,4.4,50,Tourist Trap,0.741,
r_f0f00f,Kimo's,Rockaway Beach,Mediterranean,4.8,50,Universally Loved,0.937,
r_4b1633,La Cabaña Peruana,Rockaway Beach,Seafood,3.9,50,Under the Radar,0.424,
r_3d1c0b,Bungalow Bar,Rockaway Park,Seafood,4.4,50,Universally Loved,0.874,
r_7df38c,Rocco’s of Roc Beach – Italian Fine Dining & Coal-Oven Cuisine,Rockaway Park,Pizza,4.5,50,Universally Loved,0.939,
r_56e878,Tap That,Rockaway Park,Restaurant,4.7,50,Tourist Trap,0.835,
r_9e50dd,The Restaurant,Rockaway Park,Deli,4.3,50,Universally Loved,0.77,
r_f22134,Uma's,Rockaway Park,Restaurant,4.5,50,Universally Loved,0.876,
r_5a70d6,China 1 Kitchen,Roosevelt Island,Chinese,4.0,50,Universally Loved,0.732,
r_62a289,Fuji East Japanese Bistro,Roosevelt Island,Japanese,4.2,50,Universally Loved,0.948,
r_810de8,Piccolo Trattoria Ristorante Pizzeria,Roosevelt Island,Pizza,4.3,50,Tourist Trap,0.643,
r_562138,Bay Street Tavern,Rosebank,Restaurant,4.7,50,Universally Loved,0.938,
r_4ef153,Don Cheech,Rosebank,Italian,4.7,50,Universally Loved,0.922,
r_856050,Mello Bistro,Rosebank,Italian,5.0,50,Universally Loved,1.0,
r_f3c2fc,Bayhouse,Rosedale,Restaurant,4.3,50,Universally Loved,0.821,
r_073fde,Caribbean Soul,Rosedale,Seafood,4.1,50,Universally Loved,0.898,
r_dcdb1e,IHOP,Rosedale,Brunch,4.4,50,Universally Loved,0.904,
r_978be3,The Rooftop at The Rockaway Hotel,Seaside,Seafood,4.8,50,Hidden Gem,0.995,
r_aa2f39,Backyard Pizza Cafe,Sheepshead Bay,Pizza,4.7,50,Universally Loved,0.934,
r_3105da,L'Algeroise Plus,Sheepshead Bay,Bakery,4.6,50,Universally Loved,0.882,
r_4de4fe,Oshi's Cafe i.n.c,Sheepshead Bay,Restaurant,4.9,50,Universally Loved,0.982,
r_fa6d36,Pastry World Bakery,Sheepshead Bay,Bakery,4.3,34,Local Favorite,0.777,
r_7785fa,Sunny House,Sheepshead Bay,Restaurant,4.8,50,Universally Loved,0.929,
r_7553c2,"The Blaze Gourmet, Burger-Gyro-Vegan Kofteh",Sheepshead Bay,Mediterranean,4.7,50,Tourist Trap,0.832,
r_5fd3a0,Veres Restaurant,Sheepshead Bay,Restaurant,4.7,50,Hidden Gem,0.966,
r_ab5267,LOS TACOS No.1,SoHo,Mexican,4.8,50,Universally Loved,0.99,
r_9599dd,Local,SoHo,Restaurant,4.6,50,Universally Loved,0.95,
r_b6f8db,Caribbean Fest,South Ozone Park,Caribbean,4.2,50,Universally Loved,0.778,
r_12cde4,Unoriginal Noodles,South Slope,Restaurant,4.7,50,Universally Loved,0.89,
r_55e5c8,Caribbean America Cuisine,St. Albans,Restaurant,4.7,26,Local Favorite,0.935,
r_a40106,Istanbul Bay Authentic Mediterranean Restaurant,Stapleton Heights,Mediterranean,4.8,50,Universally Loved,0.822,
r_0501a2,Blue,Staten Island,American,4.5,50,Universally Loved,0.915,
r_b854ce,Corrado's Cucina,Staten Island,Italian,4.8,50,Hidden Gem,0.985,
r_f59687,Osteria by Primo,Staten Island,Pizza,4.8,50,Universally Loved,0.886,
r_6e7496,Cheeni,Stuyvesant Heights,Cafe,4.7,50,Tourist Trap,0.817,
r_1b1fdd,Chez Oskar,Stuyvesant Heights,French,4.4,50,Universally Loved,0.75,
r_d55afe,Peaches Lewis,Stuyvesant Heights,Brunch,4.3,50,Universally Loved,0.878,
r_c9e30b,The Alcove,Sunnyside,Restaurant,4.8,50,Universally Loved,0.969,
r_457cb1,Ayat Industry City,Sunset Park,Middle Eastern,4.3,50,Hidden Gem,0.817,
r_d6230c,D-Jing K- Kitchen,Sunset Park,Korean,4.9,50,Hidden Gem,0.985,
r_8c8e41,Din's Kitchen,Sunset Park,Chinese,4.7,50,Hidden Gem,0.895,
r_4a73cf,FRYING PAN BROOKYLN,Sunset Park,Restaurant,4.5,50,Universally Loved,0.869,
r_30d011,George's,Sunset Park,Deli,4.2,50,Tourist Trap,0.68,
r_89ffe8,Hometown - Industry City,Sunset Park,BBQ,4.0,50,Under the Radar,0.362,
r_bea2e3,Japan Village,Sunset Park,Japanese,4.6,50,Universally Loved,0.94,
r_52f3bd,Judy's,Sunset Park,Cafe,4.6,50,Tourist Trap,0.827,
r_b67ac2,L&R FUSION NOODLE HOUSE,Sunset Park,Chinese,4.6,41,Universally Loved,0.922,
r_759bce,Parlay,Sunset Park,Brunch,4.4,50,Universally Loved,0.724,
r_db60db,Rob's of Brooklyn – Sunset Park,Sunset Park,Pizza,4.4,50,Universally Loved,0.928,
r_1bcb71,Sahadi's,Sunset Park,Cafe,4.5,50,Universally Loved,0.847,
r_bf9211,Sunset Grill,Sunset Park,Mexican,5.0,21,Local Favorite,1.0,
r_7c44a3,Sunset Park Diner & Donuts,Sunset Park,Burgers,4.2,50,Tourist Trap,0.642,
r_650913,The King of Fish,Sunset Park,Mexican,4.8,50,Hidden Gem,0.928,
r_16b077,Twist,Sunset Park,Seafood,4.6,50,Universally Loved,0.888,
r_f136fa,Yafa Cafe,Sunset Park,Brunch,4.7,50,Universally Loved,0.914,
r_c4f0b5,Zona Sur Bar Bistro,Sunset Park,American,4.6,50,Universally Loved,0.873,
r_462eab,𝗦𝘂𝗻𝘀𝗲𝘁 𝗣𝗶𝘇𝘇𝗮 (Brooklyn),Sunset Park,Pizza,4.6,50,Tourist Trap,0.801,
r_1a2306,1915 Lanzhou Hand Pulled Noodles & Dumplings,Tribeca,Chinese,4.6,50,Universally Loved,0.806,
r_471c49,456 New Shanghai,Tribeca,Chinese,4.3,50,Universally Loved,0.783,
r_3ff263,Chang Lai,Tribeca,Chinese,4.9,50,Universally Loved,0.94,
r_7a662f,Grandma’s Dumpling House,Tribeca,Restaurant,4.8,50,Universally Loved,0.912,
r_807e3a,Great NY Noodletown,Tribeca,Chinese,4.1,50,Tourist Trap,0.587,
r_510bb6,Hop Kee Restaurant,Tribeca,Chinese,4.2,50,Tourist Trap,0.563,
r_1340f4,Joe's Shanghai,Tribeca,Restaurant,4.2,50,Tourist Trap,0.698,
r_1ebece,Mei Lai Wah,Tribeca,Chinese,4.4,50,Universally Loved,0.865,
r_2e42ad,Nom Wah Tea Parlor,Tribeca,Chinese,4.2,50,Tourist Trap,0.728,
r_2ce7e0,Noodle Village,Tribeca,Chinese,4.2,50,Universally Loved,0.867,
r_eb20a2,Quan Sushi Grill,Tribeca,Japanese,4.6,50,Universally Loved,0.904,
r_ec30df,Shanghai 21,Tribeca,Chinese,4.5,50,Universally Loved,0.949,
r_b759d6,Tin Wong,Tribeca,Chinese,4.5,50,Universally Loved,0.846,
r_9df97d,West New Malaysia,Tribeca,Restaurant,4.5,50,Universally Loved,0.792,
r_bd7bf0,Wo Hop,Tribeca,Chinese,4.4,50,Universally Loved,0.891,
r_d8b453,Wo Hop Next Door,Tribeca,Chinese,4.4,50,Universally Loved,0.793,
r_9d47f4,Xi'an Famous Foods 西安名吃 | Chinatown,Tribeca,Chinese,4.5,50,Hidden Gem,0.899,
r_fecd87,Adobo Mexican Grill,University Heights,Mexican,4.7,50,Hidden Gem,0.946,
r_f92b03,AOC East,Upper East Side,French,4.4,50,Universally Loved,0.829,
r_7beb3c,Alex Cafe & Deli,Upper East Side,Deli,4.9,50,Hidden Gem,0.995,
r_327a32,Bella Blu,Upper East Side,Pizza,4.4,50,Tourist Trap,0.737,
r_2b5202,Bigoi Venezia,Upper East Side,Italian,4.8,50,Universally Loved,0.87,
r_8f25de,Brasserie Cognac Upper East Side,Upper East Side,French,4.4,50,Universally Loved,0.758,
r_2f36e1,Brooklyn Dumpling Shop,Upper East Side,Chinese,4.6,50,Hidden Gem,0.955,
r_3332f9,Campagnola,Upper East Side,Italian,4.5,50,Universally Loved,0.797,
r_08b1c6,Casa Cruz Upper East Side Restaurant,Upper East Side,Italian,4.2,50,Universally Loved,0.864,
r_50d79c,Dorrian's Red Hand (NYC),Upper East Side,American,4.1,50,Universally Loved,0.773,
r_e13bbb,Dumpling Magic Manhattan,Upper East Side,Restaurant,4.9,50,Hidden Gem,0.959,
r_663e4a,Fumo Upper East Side,Upper East Side,Italian,4.3,50,Universally Loved,0.876,
r_6f44bf,Gnocchi House Bar (Former Numero 28),Upper East Side,Pizza,4.3,50,Universally Loved,0.941,
r_8831ba,Green Apple Gourmet Market Deli,Upper East Side,Deli,4.8,50,Hidden Gem,0.944,
r_6d964d,Hui,Upper East Side,Restaurant,4.4,50,Universally Loved,0.814,
r_4b063a,Island,Upper East Side,American,4.2,50,Universally Loved,0.858,
r_af53df,Isle of Capri,Upper East Side,Italian,4.5,50,Universally Loved,0.76,
r_9ffa2c,JoJo by Jean-Georges,Upper East Side,American,4.3,50,Universally Loved,0.776,
r_620a70,Korali Estiatorio,Upper East Side,Mediterranean,4.5,50,Universally Loved,0.908,
r_b1beb9,Krave Cafe & Deli,Upper East Side,Deli,4.7,50,Tourist Trap,0.8,
r_94a71f,Krispy Chickpea,Upper East Side,Middle Eastern,4.9,50,Hidden Gem,0.914,
r_d98771,Kuu,Upper East Side,Japanese,4.8,50,Hidden Gem,0.941,
r_abde6d,Le Viêt Thai,Upper East Side,Thai,4.4,50,Universally Loved,0.925,
r_841d58,Lenox Hill Deli,Upper East Side,Deli,4.8,35,Local Favorite,0.96,
r_9156b2,Lilli and Loo,Upper East Side,Chinese,4.3,50,Tourist Trap,0.726,
r_6066fd,Masseria East,Upper East Side,Italian,4.7,50,Universally Loved,0.858,
r_cd327f,Maya by Chef Richard Sandoval - NYC,Upper East Side,Mexican,4.3,50,Tourist Trap,0.79,
r_e0bde1,Mission Ceviche,Upper East Side,Seafood,4.6,50,Hidden Gem,0.935,
r_371cdf,Móle Cantina Mexicana- Upper East Side,Upper East Side,Mexican,4.2,50,Universally Loved,0.742,
r_b7eda0,New Chinatown Restaurant and Bar | Asian Fusion | Chinese and Thai Food,Upper East Side,Chinese,4.4,50,Universally Loved,0.841,
r_553ba4,Oda House UES,Upper East Side,Restaurant,4.6,50,Universally Loved,0.897,
r_3c9427,Park Avenue Gourmet Deli,Upper East Side,Deli,4.6,30,Local Favorite,0.863,
r_a1f7ab,Pig Heaven,Upper East Side,Chinese,4.3,50,Tourist Trap,0.63,
r_630cce,Pil Pil,Upper East Side,Restaurant,4.4,50,Hidden Gem,0.893,
r_27a077,Quantum Leap,Upper East Side,Veggie,4.9,50,Universally Loved,0.969,
r_320843,San Babila NYC,Upper East Side,Cafe,4.4,50,Tourist Trap,0.708,
r_4424a7,Sea Salt NYC,Upper East Side,Mediterranean,4.7,50,Hidden Gem,0.977,
r_47e2a9,Tanoshi Sushi Sake Bar,Upper East Side,Japanese,4.7,50,Universally Loved,0.953,
r_3c5043,Toloache,Upper East Side,Mexican,4.4,50,Tourist Trap,0.804,
r_4dcfb7,Tony Dragon's Grille,Upper East Side,Mediterranean,4.8,50,Universally Loved,0.963,
r_4b8c20,Two Boots Pizza Upper East Side,Upper East Side,Pizza,4.6,50,Hidden Gem,0.882,
r_9a401d,Via Quadronno,Upper East Side,Italian,4.1,50,Universally Loved,0.857,
r_874cac,Village Square Pizza - Upper East Side,Upper East Side,Pizza,4.6,50,Universally Loved,0.945,
r_a6cc3f,Water & Wheat Upper East,Upper East Side,Italian,4.7,50,Tourist Trap,0.774,
r_c4b27a,Yefsi Estiatorio,Upper East Side,Greek,4.4,50,Tourist Trap,0.717,
r_5818ed,albadawi,Upper East Side,Middle Eastern,4.3,50,Universally Loved,0.931,
r_c95be2,Andy's Deli,Upper West Side,Deli,4.3,50,Tourist Trap,0.814,
r_4be875,Broad Nosh Bagels Deli & Catering,Upper West Side,Restaurant,4.6,50,Tourist Trap,0.525,
r_19779c,Carmine's - Upper West Side,Upper West Side,Italian,4.4,50,Universally Loved,0.801,
r_d97642,El Gallo Taqueria,Upper West Side,Mexican,4.8,50,Hidden Gem,0.911,
r_08fec4,Green Park Deli & Pizza,Upper West Side,Deli,4.1,50,Tourist Trap,0.59,
r_8997e0,"Mamoun's Falafel - UWS, Manhattan, NY",Upper West Side,Mediterranean,4.2,50,Universally Loved,0.734,
r_734732,Mexikosher,Upper West Side,Mexican,4.3,50,Tourist Trap,0.704,
r_ffe573,Mille-feuille Bakery Cafe,Upper West Side,French,4.6,50,Tourist Trap,0.847,
r_ce1797,Plum Vietnamese Restaurant,Upper West Side,Vietnamese,4.5,50,Universally Loved,0.879,
r_c49e35,Polanco Social,Upper West Side,Restaurant,4.7,32,Local Favorite,0.942,
r_35d43a,Raku It’s Japanese ll,Upper West Side,Japanese,4.5,50,Tourist Trap,0.853,
r_9c88ac,Rampoldi New York,Upper West Side,Italian,4.7,50,Universally Loved,0.949,
r_369325,Simply Noodles,Upper West Side,Chinese,4.5,50,Tourist Trap,0.698,
r_0ff097,Spiga Trattoria,Upper West Side,Italian,4.6,50,Universally Loved,0.77,
r_66dd4c,Swagat NY,Upper West Side,Indian,4.3,50,Hidden Gem,0.878,
r_16bffd,Tacombi,Upper West Side,Mexican,4.3,50,Hidden Gem,0.909,
r_06ff97,Tacos y Quesadillas Mexico,Upper West Side,Mexican,4.8,50,Universally Loved,0.924,
r_f4ebfa,Taqueria 86,Upper West Side,Mexican,4.5,50,Universally Loved,0.832,
r_f30015,Tasca NYC,Upper West Side,Caribbean,4.7,50,Universally Loved,0.911,
r_a420a0,Tasty Burrito Ny,Upper West Side,Deli,4.5,20,Local Favorite,0.866,
r_d60683,Tavern On the Green,Upper West Side,American,4.4,50,Tourist Trap,0.807,
r_77031c,Two Boots Pizza Upper West Side,Upper West Side,Pizza,4.5,50,Universally Loved,0.952,
r_331876,Talkin' Tacos New York,Washington Heights,Mexican,4.9,50,Hidden Gem,0.931,
r_0c68e6,Adom African Cuisine inc,West Bronx,Restaurant,4.7,50,Tourist Trap,0.841,
r_d7529f,Aminas Cafe,West Bronx,Mexican,4.5,50,Universally Loved,0.859,
r_9f97d6,Best Pizza,West Bronx,Pizza,4.5,22,Local Favorite,0.936,
r_3b5acb,Boogie Down Grind,West Bronx,Cafe,4.7,50,Universally Loved,0.953,
r_2ebff7,Cachapa Cachapa 🇻🇪,West Bronx,Restaurant,4.0,50,Universally Loved,0.679,
r_531884,Casa De Mamá,West Bronx,Restaurant,4.9,30,Local Favorite,0.977,
r_5ecd33,Cosmo's,West Bronx,Deli,4.4,50,Tourist Trap,0.735,
r_81b80d,Dynasty Taste,West Bronx,Restaurant,4.1,50,Universally Loved,0.755,
r_ab0ff6,El Nuevo Bohío,West Bronx,Restaurant,4.1,50,Under the Radar,0.629,
r_d7ea01,Grin,West Bronx,Restaurant,4.3,50,Hidden Gem,0.851,
r_baccd5,JJ Restaurant & Cuchifritos,West Bronx,Brunch,4.0,50,Tourist Trap,0.707,
r_935a24,Las Sirenas,West Bronx,Mexican,4.2,50,Tourist Trap,0.741,
r_0a7a99,Los Amigos Restaurant,West Bronx,Deli,4.4,50,Hidden Gem,0.885,
r_047ae9,Mela's Cafe,West Bronx,Diner,4.6,50,Hidden Gem,0.908,
r_8af65d,North Star Cafe,West Bronx,Deli,4.3,50,Universally Loved,0.797,
r_b89f12,Popeyes Louisiana Kitchen,West Bronx,Seafood,3.9,50,Hidden Gem,0.644,
r_c367d7,Popeyes Louisiana Kitchen,West Bronx,Restaurant,4.3,50,Hidden Gem,0.885,
r_0603a9,Raices del Valle Restaurant,West Bronx,Deli,4.2,50,Universally Loved,0.808,
r_9f244f,Rosa's At Park,West Bronx,Steakhouse,4.4,50,Universally Loved,0.906,
r_dc6fc2,Roy's Pica Pollo,West Bronx,American,4.0,50,Under the Radar,0.588,
r_33726d,Sanbra Door Restaurant,West Bronx,Restaurant,4.3,50,Hidden Gem,0.795,
r_a39bd5,Seis Vecinos,West Bronx,Mexican,4.1,50,Hidden Gem,0.808,
r_7793cc,Suyo Gastrofusion,West Bronx,Restaurant,4.5,50,Hidden Gem,0.737,
r_4c87aa,Askili Orchard,West Village,Restaurant,4.8,50,Hidden Gem,0.989,
r_0bb759,Boucherie West Village,West Village,French,4.8,50,Hidden Gem,0.978,
r_8df3e2,Canto West Village,West Village,Italian,4.6,50,Hidden Gem,0.903,
r_5090e4,Dante West Village,West Village,Restaurant,4.5,50,Universally Loved,0.877,
r_c55ea3,Fairfax,West Village,Brunch,4.5,50,Tourist Trap,0.779,
r_ccfb67,Joseph Leonard,West Village,Brunch,4.6,50,Tourist Trap,0.865,
r_75f8a8,Lin & Daughters - West Village,West Village,Chinese,4.7,50,Universally Loved,0.917,
r_461ddc,Little Ruby's West Village,West Village,Restaurant,4.4,50,Universally Loved,0.891,
r_8e8458,Lume West Village,West Village,Italian,4.6,50,Universally Loved,0.932,
r_a2a987,L’industrie Pizzeria - West Village,West Village,Pizza,4.7,50,Tourist Trap,0.809,
r_fb8b74,MakiMaki Sushi - 350 Hudson St,West Village,Japanese,4.6,50,Hidden Gem,0.936,
r_a90405,MiGarba NYC,West Village,Italian,4.5,50,Tourist Trap,0.688,
r_1f497e,Miriam West Village,West Village,Mediterranean,4.6,50,Universally Loved,0.899,
r_47b237,Nerea,West Village,Italian,4.6,50,Universally Loved,0.934,
r_d03e75,OLIO E PIÙ,West Village,Restaurant,4.7,50,Hidden Gem,0.978,
r_446463,Osteria Carlina West Village,West Village,Italian,4.7,50,Tourist Trap,0.708,
r_b37b29,Petite Boucherie,West Village,French,4.7,50,Hidden Gem,0.956,
r_39041f,SMASHED NYC,West Village,Burgers,4.5,50,Tourist Trap,0.851,
r_a5cc74,Sant Ambroeus West Village,West Village,Italian,4.4,50,Universally Loved,0.749,
r_366d9f,Tartine,West Village,French,4.4,50,Tourist Trap,0.756,
r_7b27a1,The Mary Lane,West Village,Brunch,4.6,50,Universally Loved,0.875,
r_1811cc,Ubani - West Village,West Village,Dessert,4.8,50,Universally Loved,0.948,
r_2ab317,WEST10WEST,West Village,American,4.8,50,Universally Loved,0.937,
r_a7bdd8,Allswell,Williamsburg,Brunch,4.5,50,Universally Loved,0.79,
r_31c052,Aurora Brooklyn,Williamsburg,Italian,4.5,50,Universally Loved,0.877,
r_2b1e79,Bamonte's,Williamsburg,Italian,4.5,50,Universally Loved,0.735,
r_8ec1d2,Cafe Mogador,Williamsburg,Mediterranean,4.6,50,Universally Loved,0.889,
r_3b7e42,Fandi Mata,Williamsburg,Restaurant,4.7,50,Universally Loved,0.937,
r_ee312b,Greenpoint Fish & Lobster Co.,Williamsburg,Seafood,4.5,50,Universally Loved,0.812,
r_31a1f2,HAAM Caribbean Plant Cuisine,Williamsburg,Vegan,4.7,50,Universally Loved,0.925,
r_88ca98,Hole In The Wall,Williamsburg,Brunch,4.8,50,Hidden Gem,0.971,
r_0de417,Isla & Co. - Williamsburg,Williamsburg,Brunch,4.9,50,Universally Loved,0.981,
r_0e3b69,La petite joie,Williamsburg,French,4.7,50,Hidden Gem,0.979,
r_f834f7,Le Crocodile,Williamsburg,French,4.6,50,Universally Loved,0.909,
r_75f440,Little Ruby's Williamsburg,Williamsburg,Restaurant,4.4,50,Universally Loved,0.883,
r_0b8506,Maison Provence Restaurant,Williamsburg,French,5.0,50,Universally Loved,0.983,
r_436454,Meraki Greek Bistro Williamsburg,Williamsburg,Mediterranean,4.7,50,Hidden Gem,0.985,
r_ced04c,NaRa Chicken & Korean Cuisine,Williamsburg,Korean,4.9,50,Universally Loved,0.964,
r_f7221f,"Nan Xiang Express - Williamsburg, NY",Williamsburg,Chinese,4.8,50,Universally Loved,0.983,
r_2a665b,Nozomi NYC @Williamsburg,Williamsburg,Japanese,4.9,50,Hidden Gem,0.987,
r_357e63,Pita Palace,Williamsburg,Middle Eastern,4.7,50,Universally Loved,0.935,
r_eb8910,Pomp and Circumstance,Williamsburg,Italian,4.8,50,Universally Loved,0.937,
r_36b5fc,Recette,Williamsburg,French,4.8,50,Hidden Gem,0.971,
r_b4bd66,Sunday In Brooklyn,Williamsburg,Dessert,4.4,50,Universally Loved,0.873,
r_e4a960,Sungold,Williamsburg,Restaurant,4.8,50,Hidden Gem,0.945,
r_5f0855,Sushi Shiro Bar and Grill,Williamsburg,Japanese,4.7,50,Universally Loved,0.912,
r_67fdcb,Sweetwater,Williamsburg,American,4.5,50,Universally Loved,0.802,
r_742cf1,Veselka Williamsburg,Williamsburg,Restaurant,4.6,50,Universally Loved,0.887,
r_0f8080,Westville Williamsburg,Williamsburg,American,4.5,50,Hidden Gem,0.982,
r_0b39c0,the AM-THAI Williamsburg,Williamsburg,Thai,4.9,50,Universally Loved,0.827,
r_fc1bc5,Manor Delicatessen,Woodhaven,Deli,4.6,50,Universally Loved,0.925,
r_62cd34,NYC Gentlemen's Club,Woodside,Restaurant,4.2,50,Hidden Gem,0.882,
r_c5fee1,Sugar Crush NYC,,Bakery,5.0,26,Local Favorite,1.0,
