review_id,reviewer_id,restaurant_id,restaurant_city,timestamp,rating
rev00001,uL000,r036,NYC,2024-06-10,4.9
rev00002,uL000,r036,NYC,2023-07-23,4.5
rev00003,uL000,r005,NYC,2023-08-05,3.6
rev00004,uL000,r030,NYC,2023-03-21,5.0
rev00005,uL000,r036,NYC,2025-06-03,4.5
rev00006,uL000,r033,NYC,2023-02-08,4.5
rev00007,uL000,r017,NYC,2025-06-09,5.0
rev00008,uL000,r017,NYC,2024-12-15,4.6
rev00009,uL000,r025,NYC,2025-01-30,3.9
rev00010,uL000,r033,NYC,2023-04-24,4.9
rev00011,uL000,r031,NYC,2025-03-11,3.9
rev00012,uL000,r022,NYC,2025-02-04,3.9
rev00013,uL000,r036,NYC,2023-04-29,4.7
rev00014,uL000,r037,NYC,2023-07-08,3.5
rev00015,uL001,r028,NYC,2025-02-11,3.3
rev00016,uL001,r024,NYC,2024-07-25,3.9
rev00017,uL001,r035,NYC,2023-06-21,4.0
rev00018,uL001,r018,NYC,2024-06-10,4.4
rev00019,uL001,r025,NYC,2024-04-19,3.7
rev00020,uL001,r039,NYC,2023-05-20,3.8
rev00021,uL002,r038,NYC,2025-04-26,5.0
rev00022,uL002,r019,NYC,2024-10-31,4.1
rev00023,uL002,r030,NYC,2025-08-22,4.2
rev00024,uL002,r016,NYC,2024-07-17,3.4
rev00025,uL002,r027,NYC,2025-04-22,3.9
rev00026,uL002,r042,NYC,2023-11-05,4.7
rev00027,uL002,r012,NYC,2023-05-02,2.6
rev00028,uL003,r035,NYC,2023-06-05,4.8
rev00029,uL003,r033,NYC,2025-09-10,4.3
rev00030,uL003,r042,NYC,2023-02-18,4.4
rev00031,uL003,r015,NYC,2024-07-25,2.9
rev00032,uL003,r024,NYC,2024-09-18,5.0
rev00033,uL003,r028,NYC,2024-07-18,4.2
rev00034,uL003,r040,NYC,2024-09-28,4.0
rev00035,uL003,r030,NYC,2024-03-08,4.7
rev00036,uL003,r037,NYC,2026-01-16,3.9
rev00037,uL003,r003,NYC,2025-02-07,3.3
rev00038,uL003,r020,NYC,2024-06-02,3.1
rev00039,uL004,r038,NYC,2026-01-20,3.9
rev00040,uL004,r016,NYC,2025-09-25,4.3
rev00041,uL004,r039,NYC,2025-06-10,5.0
rev00042,uL004,r035,NYC,2024-10-25,4.7
rev00043,uL005,r040,NYC,2025-08-07,4.5
rev00044,uL005,r020,NYC,2024-12-18,4.0
rev00045,uL005,r032,NYC,2024-04-21,3.4
rev00046,uL005,r036,NYC,2023-05-26,4.2
rev00047,uL005,r040,NYC,2024-12-02,4.3
rev00048,uL005,r020,NYC,2025-10-16,4.8
rev00049,uL005,r016,NYC,2025-09-20,4.4
rev00050,uL005,r029,NYC,2025-05-08,3.2
rev00051,uL005,r013,NYC,2025-06-26,3.4
rev00052,uL005,r026,NYC,2023-05-16,4.0
rev00053,uL006,r034,NYC,2023-05-30,4.2
rev00054,uL006,r024,NYC,2023-09-06,4.5
rev00055,uL006,r018,NYC,2025-08-01,4.8
rev00056,uL006,r018,NYC,2025-08-30,4.7
rev00057,uL006,r041,NYC,2025-07-21,4.1
rev00058,uL006,r039,NYC,2023-08-14,4.4
rev00059,uL006,r042,NYC,2023-02-25,4.8
rev00060,uL006,r017,NYC,2025-10-16,4.7
rev00061,uL006,r039,NYC,2023-05-26,4.3
rev00062,uL006,r001,NYC,2025-04-04,3.1
rev00063,uL006,r037,NYC,2025-08-14,4.0
rev00064,uL006,r035,NYC,2025-10-18,3.9
rev00065,uL006,r022,NYC,2023-05-25,4.6
rev00066,uL006,r031,NYC,2024-10-29,4.9
rev00067,uL007,r029,NYC,2026-01-17,4.2
rev00068,uL007,r042,NYC,2023-07-09,5.0
rev00069,uL007,r035,NYC,2024-05-21,4.8
rev00070,uL007,r041,NYC,2024-06-13,4.2
rev00071,uL008,r034,NYC,2025-06-02,4.8
rev00072,uL008,r032,NYC,2024-11-03,5.0
rev00073,uL008,r023,NYC,2024-07-22,4.2
rev00074,uL008,r035,NYC,2024-10-01,5.0
rev00075,uL008,r041,NYC,2023-06-23,3.2
rev00076,uL008,r034,NYC,2023-08-18,5.0
rev00077,uL008,r019,NYC,2024-07-22,4.2
rev00078,uL008,r024,NYC,2023-06-15,4.0
rev00079,uL008,r027,NYC,2024-10-06,4.3
rev00080,uL008,r042,NYC,2026-01-13,3.5
rev00081,uL008,r038,NYC,2024-09-30,4.5
rev00082,uL009,r040,NYC,2023-12-10,4.8
rev00083,uL009,r033,NYC,2024-12-28,5.0
rev00084,uL009,r034,NYC,2024-07-19,4.3
rev00085,uL009,r021,NYC,2023-05-10,3.8
rev00086,uL009,r027,NYC,2024-08-14,3.9
rev00087,uL009,r024,NYC,2023-10-20,4.7
rev00088,uL009,r021,NYC,2025-07-18,4.4
rev00089,uL010,r032,NYC,2023-09-12,3.9
rev00090,uL010,r040,NYC,2023-11-27,4.9
rev00091,uL010,r039,NYC,2023-11-25,4.7
rev00092,uL010,r006,NYC,2025-02-10,3.7
rev00093,uL010,r035,NYC,2025-01-19,4.2
rev00094,uL010,r040,NYC,2025-05-07,4.4
rev00095,uL010,r041,NYC,2023-12-24,4.4
rev00096,uL010,r026,NYC,2024-01-28,3.4
rev00097,uL011,r036,NYC,2024-06-17,4.8
rev00098,uL011,r037,NYC,2023-09-04,4.7
rev00099,uL011,r006,NYC,2025-09-15,3.2
rev00100,uL011,r038,NYC,2025-08-25,4.5
rev00101,uL011,r038,NYC,2024-05-06,3.8
rev00102,uL011,r034,NYC,2025-04-21,4.4
rev00103,uL011,r039,NYC,2024-08-19,4.4
rev00104,uL011,r030,NYC,2024-12-04,3.8
rev00105,uL011,r042,NYC,2024-07-22,4.5
rev00106,uL011,r033,NYC,2025-01-02,4.8
rev00107,uL011,r023,NYC,2025-12-08,5.0
rev00108,uL011,r040,NYC,2024-02-19,4.7
rev00109,uL012,r027,NYC,2025-12-25,4.3
rev00110,uL012,r041,NYC,2024-03-04,4.6
rev00111,uL012,r010,NYC,2024-12-02,2.1
rev00112,uL012,r035,NYC,2023-10-08,4.6
rev00113,uL012,r022,NYC,2024-10-20,4.2
rev00114,uL012,r023,NYC,2024-09-22,5.0
rev00115,uL012,r018,NYC,2025-03-12,4.1
rev00116,uL012,r040,NYC,2024-10-03,4.8
rev00117,uL013,r001,NYC,2024-09-04,3.2
rev00118,uL013,r037,NYC,2024-11-15,4.0
rev00119,uL013,r028,NYC,2024-04-07,4.8
rev00120,uL013,r038,NYC,2024-01-08,5.0
rev00121,uL013,r022,NYC,2024-12-12,4.6
rev00122,uL013,r041,NYC,2024-05-21,4.1
rev00123,uL013,r020,NYC,2024-03-08,5.0
rev00124,uL013,r006,NYC,2025-09-25,2.4
rev00125,uL013,r037,NYC,2025-08-15,4.9
rev00126,uL013,r034,NYC,2024-02-28,5.0
rev00127,uL013,r025,NYC,2025-04-23,3.7
rev00128,uL014,r035,NYC,2023-09-01,4.3
rev00129,uL014,r019,NYC,2025-12-21,4.3
rev00130,uL014,r032,NYC,2023-10-01,3.9
rev00131,uL014,r038,NYC,2026-01-17,3.7
rev00132,uL014,r037,NYC,2025-07-20,4.6
rev00133,uL014,r036,NYC,2025-11-24,4.0
rev00134,uL014,r040,NYC,2025-07-27,4.9
rev00135,uL015,r029,NYC,2024-07-09,3.7
rev00136,uL015,r039,NYC,2024-08-15,5.0
rev00137,uL015,r031,NYC,2024-05-29,3.8
rev00138,uL015,r011,NYC,2024-09-02,3.0
rev00139,uL015,r024,NYC,2023-07-10,4.6
rev00140,uL015,r020,NYC,2023-12-04,3.5
rev00141,uL015,r009,NYC,2025-05-09,3.3
rev00142,uL016,r027,NYC,2024-03-24,4.9
rev00143,uL016,r026,NYC,2023-03-07,3.3
rev00144,uL016,r029,NYC,2025-01-15,4.3
rev00145,uL016,r026,NYC,2025-06-02,4.3
rev00146,uL016,r036,NYC,2024-04-21,5.0
rev00147,uL016,r021,NYC,2025-10-16,3.5
rev00148,uL016,r024,NYC,2025-05-03,3.5
rev00149,uL016,r039,NYC,2023-10-14,4.9
rev00150,uL017,r004,NYC,2025-06-21,3.4
rev00151,uL017,r028,NYC,2023-05-08,4.3
rev00152,uL017,r023,NYC,2025-08-14,4.4
rev00153,uL017,r037,NYC,2025-03-12,4.2
rev00154,uL018,r039,NYC,2024-06-25,4.7
rev00155,uL018,r029,NYC,2023-05-12,4.4
rev00156,uL018,r009,NYC,2023-04-18,2.8
rev00157,uL018,r041,NYC,2024-03-09,5.0
rev00158,uL018,r034,NYC,2024-05-28,4.9
rev00159,uL018,r035,NYC,2024-04-16,3.9
rev00160,uL018,r021,NYC,2025-02-19,4.6
rev00161,uL018,r033,NYC,2023-09-17,4.1
rev00162,uL019,r042,NYC,2023-09-04,5.0
rev00163,uL019,r041,NYC,2025-03-04,5.0
rev00164,uL019,r036,NYC,2023-06-30,4.1
rev00165,uL019,r039,NYC,2024-06-06,5.0
rev00166,uL019,r037,NYC,2023-09-30,4.8
rev00167,uL019,r032,NYC,2023-04-20,4.7
rev00168,uL019,r027,NYC,2025-02-22,5.0
rev00169,uL019,r034,NYC,2023-02-20,4.5
rev00170,uL019,r038,NYC,2023-08-30,4.2
rev00171,uL019,r025,NYC,2025-08-24,3.7
rev00172,uL019,r027,NYC,2025-12-29,3.8
rev00173,uL019,r041,NYC,2025-10-12,4.6
rev00174,uL019,r038,NYC,2024-07-28,4.8
rev00175,uL019,r020,NYC,2023-07-22,4.4
rev00176,uL019,r028,NYC,2025-09-03,4.7
rev00177,uL019,r035,NYC,2024-12-14,4.6
rev00178,uL020,r023,NYC,2025-10-20,5.0
rev00179,uL020,r038,NYC,2024-12-23,4.5
rev00180,uL020,r033,NYC,2024-08-13,5.0
rev00181,uL020,r030,NYC,2024-02-21,4.5
rev00182,uL020,r036,NYC,2025-10-22,4.1
rev00183,uL021,r035,NYC,2025-10-27,4.0
rev00184,uL021,r003,NYC,2024-09-19,3.5
rev00185,uL021,r035,NYC,2024-10-14,4.5
rev00186,uL021,r025,NYC,2026-01-17,4.6
rev00187,uL021,r042,NYC,2024-12-03,4.9
rev00188,uL021,r028,NYC,2024-10-14,4.2
rev00189,uL021,r016,NYC,2024-02-24,3.7
rev00190,uL021,r036,NYC,2024-02-09,3.8
rev00191,uL021,r036,NYC,2024-08-14,4.4
rev00192,uL021,r042,NYC,2026-01-04,5.0
rev00193,uL021,r042,NYC,2024-02-27,4.7
rev00194,uL021,r025,NYC,2024-10-06,3.5
rev00195,uL021,r031,NYC,2024-08-09,4.3
rev00196,uL022,r041,NYC,2025-10-27,4.8
rev00197,uL022,r002,NYC,2024-08-30,2.7
rev00198,uL022,r028,NYC,2024-02-07,4.3
rev00199,uL023,r038,NYC,2025-04-25,4.6
rev00200,uL023,r033,NYC,2023-05-15,4.0
rev00201,uL023,r038,NYC,2024-10-09,4.8
rev00202,uL023,r020,NYC,2025-05-27,4.5
rev00203,uL023,r038,NYC,2024-05-02,5.0
rev00204,uL023,r025,NYC,2025-07-20,4.8
rev00205,uL023,r033,NYC,2025-06-22,3.8
rev00206,uL023,r034,NYC,2023-08-17,4.1
rev00207,uL023,r021,NYC,2023-07-11,4.5
rev00208,uL023,r018,NYC,2023-06-28,4.5
rev00209,uL023,r026,NYC,2025-09-14,4.5
rev00210,uL023,r020,NYC,2024-08-27,5.0
rev00211,uL023,r028,NYC,2024-05-18,4.5
rev00212,uL023,r033,NYC,2024-03-06,5.0
rev00213,uL023,r031,NYC,2023-11-27,4.7
rev00214,uL024,r017,NYC,2024-10-16,4.6
rev00215,uL024,r038,NYC,2024-09-08,4.4
rev00216,uL024,r029,NYC,2024-10-09,4.6
rev00217,uL024,r041,NYC,2025-11-15,4.2
rev00218,uL024,r027,NYC,2023-04-17,4.1
rev00219,uL024,r020,NYC,2023-08-01,3.9
rev00220,uL025,r021,NYC,2023-04-18,4.2
rev00221,uL025,r018,NYC,2025-12-23,5.0
rev00222,uL025,r041,NYC,2024-02-01,3.6
rev00223,uL025,r029,NYC,2023-07-31,4.6
rev00224,uL026,r024,NYC,2023-08-28,3.3
rev00225,uL026,r030,NYC,2025-04-25,3.9
rev00226,uL026,r032,NYC,2025-08-14,4.8
rev00227,uL026,r021,NYC,2023-09-20,4.2
rev00228,uL026,r018,NYC,2025-02-04,3.6
rev00229,uL026,r030,NYC,2025-07-19,3.8
rev00230,uL026,r019,NYC,2023-10-21,4.6
rev00231,uL027,r035,NYC,2023-10-01,4.2
rev00232,uL027,r034,NYC,2024-05-30,4.7
rev00233,uL027,r023,NYC,2023-02-23,4.2
rev00234,uL027,r013,NYC,2023-09-15,2.8
rev00235,uL027,r016,NYC,2023-12-07,5.0
rev00236,uL027,r036,NYC,2025-12-03,4.9
rev00237,uL027,r027,NYC,2025-10-10,3.1
rev00238,uL027,r017,NYC,2024-02-20,4.3
rev00239,uL028,r040,NYC,2023-06-17,4.2
rev00240,uL028,r038,NYC,2025-05-24,5.0
rev00241,uL028,r038,NYC,2024-07-26,4.2
rev00242,uL028,r022,NYC,2024-09-28,4.1
rev00243,uL028,r033,NYC,2025-10-24,4.9
rev00244,uL028,r024,NYC,2025-03-08,4.7
rev00245,uL028,r023,NYC,2024-02-16,3.5
rev00246,uL028,r020,NYC,2025-05-16,4.0
rev00247,uL028,r036,NYC,2025-03-16,4.3
rev00248,uL028,r035,NYC,2023-12-03,4.2
rev00249,uL028,r005,NYC,2025-11-19,4.2
rev00250,uL029,r039,NYC,2023-08-18,4.8
rev00251,uL029,r028,NYC,2023-11-17,3.5
rev00252,uL029,r034,NYC,2023-12-08,5.0
rev00253,uL029,r037,NYC,2024-07-21,5.0
rev00254,uL029,r035,NYC,2023-07-09,5.0
rev00255,uL029,r031,NYC,2024-11-04,3.4
rev00256,uL029,r040,NYC,2025-10-21,4.3
rev00257,uL029,r020,NYC,2024-09-05,4.9
rev00258,uL029,r042,NYC,2023-08-19,4.2
rev00259,uL029,r035,NYC,2023-03-26,4.8
rev00260,uL029,r038,NYC,2024-09-17,5.0
rev00261,uL029,r027,NYC,2024-06-09,3.7
rev00262,uL029,r032,NYC,2024-01-29,4.2
rev00263,uL029,r011,NYC,2025-03-19,1.4
rev00264,uL029,r020,NYC,2023-11-15,3.6
rev00265,uL030,r021,NYC,2024-07-01,4.1
rev00266,uL030,r040,NYC,2025-09-04,3.9
rev00267,uL030,r010,NYC,2025-01-02,4.1
rev00268,uL030,r027,NYC,2024-06-21,3.4
rev00269,uL030,r022,NYC,2025-03-23,4.0
rev00270,uL031,r024,NYC,2024-09-22,4.3
rev00271,uL031,r038,NYC,2025-04-15,5.0
rev00272,uL031,r032,NYC,2023-05-06,3.4
rev00273,uL031,r040,NYC,2024-09-03,5.0
rev00274,uL031,r020,NYC,2025-01-16,4.2
rev00275,uL031,r018,NYC,2024-06-22,3.7
rev00276,uL032,r037,NYC,2023-11-02,4.9
rev00277,uL032,r040,NYC,2023-04-16,4.7
rev00278,uL032,r028,NYC,2025-02-11,3.9
rev00279,uL032,r012,NYC,2024-09-21,3.2
rev00280,uL032,r027,NYC,2024-03-12,4.0
rev00281,uL032,r031,NYC,2025-02-13,4.3
rev00282,uL032,r040,NYC,2023-12-28,5.0
rev00283,uL032,r038,NYC,2025-10-08,5.0
rev00284,uL032,r024,NYC,2023-09-18,3.5
rev00285,uL032,r010,NYC,2024-05-02,4.4
rev00286,uL032,r026,NYC,2025-02-13,3.1
rev00287,uL032,r026,NYC,2024-07-20,4.1
rev00288,uL032,r028,NYC,2024-07-15,4.5
rev00289,uL033,r034,NYC,2025-02-24,4.8
rev00290,uL033,r020,NYC,2023-03-18,3.9
rev00291,uL033,r041,NYC,2024-11-27,4.5
rev00292,uL033,r034,NYC,2025-09-02,4.3
rev00293,uL033,r016,NYC,2023-04-28,3.9
rev00294,uL033,r040,NYC,2023-10-30,5.0
rev00295,uL033,r025,NYC,2025-06-02,4.4
rev00296,uL033,r036,NYC,2025-05-24,4.2
rev00297,uL033,r039,NYC,2025-05-10,5.0
rev00298,uL034,r019,NYC,2025-07-24,4.4
rev00299,uL034,r042,NYC,2025-02-16,5.0
rev00300,uL034,r042,NYC,2025-01-29,4.9
rev00301,uL034,r021,NYC,2023-10-03,3.7
rev00302,uL035,r012,NYC,2024-04-04,2.9
rev00303,uL035,r033,NYC,2023-03-10,5.0
rev00304,uL035,r024,NYC,2023-10-10,4.5
rev00305,uL035,r019,NYC,2024-03-25,4.2
rev00306,uL035,r038,NYC,2024-05-17,4.7
rev00307,uL035,r017,NYC,2023-01-31,4.9
rev00308,uL035,r042,NYC,2023-10-19,4.3
rev00309,uL035,r038,NYC,2023-09-08,4.9
rev00310,uL035,r004,NYC,2023-02-25,3.1
rev00311,uL035,r038,NYC,2024-11-19,4.5
rev00312,uL035,r021,NYC,2023-10-12,4.8
rev00313,uL035,r031,NYC,2023-06-05,4.7
rev00314,uL035,r037,NYC,2025-12-12,5.0
rev00315,uL035,r028,NYC,2024-04-23,4.9
rev00316,uL035,r040,NYC,2025-12-28,4.6
rev00317,uL035,r034,NYC,2023-03-30,5.0
rev00318,uL035,r029,NYC,2025-04-27,4.0
rev00319,uL036,r029,NYC,2025-07-22,4.4
rev00320,uL036,r011,NYC,2023-11-25,3.1
rev00321,uL036,r021,NYC,2024-11-21,4.3
rev00322,uL036,r033,NYC,2024-09-20,4.9
rev00323,uL036,r033,NYC,2023-08-17,4.1
rev00324,uL036,r015,NYC,2024-04-10,4.4
rev00325,uL036,r040,NYC,2025-05-22,4.0
rev00326,uL036,r028,NYC,2025-05-26,3.5
rev00327,uL036,r023,NYC,2024-10-27,4.8
rev00328,uL036,r025,NYC,2023-12-04,4.6
rev00329,uL036,r029,NYC,2023-07-31,4.5
rev00330,uL037,r027,NYC,2025-02-27,4.5
rev00331,uL037,r032,NYC,2024-12-01,4.2
rev00332,uL037,r026,NYC,2025-06-10,3.7
rev00333,uL037,r022,NYC,2024-10-26,4.2
rev00334,uL037,r033,NYC,2024-04-05,4.2
rev00335,uL037,r029,NYC,2023-09-04,4.7
rev00336,uL037,r032,NYC,2023-09-18,4.1
rev00337,uL037,r032,NYC,2025-06-22,3.7
rev00338,uL037,r042,NYC,2023-03-20,4.4
rev00339,uL037,r034,NYC,2024-07-26,4.8
rev00340,uL037,r021,NYC,2024-10-19,3.9
rev00341,uL037,r039,NYC,2025-04-25,4.1
rev00342,uL037,r036,NYC,2023-03-29,4.7
rev00343,uL037,r031,NYC,2025-03-06,4.3
rev00344,uL037,r024,NYC,2025-02-21,3.9
rev00345,uL037,r023,NYC,2023-07-18,3.9
rev00346,uL038,r037,NYC,2023-05-07,4.7
rev00347,uL038,r021,NYC,2025-06-12,3.4
rev00348,uL038,r028,NYC,2024-08-07,3.4
rev00349,uL038,r030,NYC,2025-01-01,3.8
rev00350,uL038,r022,NYC,2025-10-18,4.1
rev00351,uL039,r006,NYC,2025-04-14,3.4
rev00352,uL039,r022,NYC,2024-04-02,5.0
rev00353,uL039,r037,NYC,2024-09-09,5.0
rev00354,uL039,r002,NYC,2025-06-25,3.1
rev00355,uL039,r025,NYC,2024-05-11,4.2
rev00356,uL039,r039,NYC,2025-01-20,4.0
rev00357,uL039,r039,NYC,2023-04-22,4.6
rev00358,uL039,r028,NYC,2023-07-04,4.0
rev00359,uL039,r026,NYC,2025-05-30,4.4
rev00360,uL039,r026,NYC,2024-11-21,3.7
rev00361,uL039,r041,NYC,2025-08-25,4.9
rev00362,uL040,r025,NYC,2025-07-08,5.0
rev00363,uL040,r020,NYC,2025-04-25,4.1
rev00364,uL040,r026,NYC,2024-10-22,4.4
rev00365,uL040,r019,NYC,2024-01-05,4.6
rev00366,uL040,r034,NYC,2026-01-16,4.4
rev00367,uL040,r040,NYC,2025-01-10,4.7
rev00368,uL040,r042,NYC,2023-11-24,4.6
rev00369,uL040,r017,NYC,2024-03-05,4.3
rev00370,uL040,r017,NYC,2023-06-29,3.8
rev00371,uL040,r037,NYC,2025-11-02,4.6
rev00372,uL040,r032,NYC,2025-08-02,4.5
rev00373,uL040,r040,NYC,2024-11-17,5.0
rev00374,uL040,r027,NYC,2025-09-12,4.7
rev00375,uL040,r022,NYC,2024-08-10,5.0
rev00376,uL040,r024,NYC,2023-06-26,3.8
rev00377,uL040,r028,NYC,2023-05-22,4.7
rev00378,uL040,r022,NYC,2023-07-29,4.3
rev00379,uL041,r025,NYC,2023-04-20,5.0
rev00380,uL041,r038,NYC,2024-02-15,4.2
rev00381,uL041,r029,NYC,2023-11-30,3.7
rev00382,uL041,r040,NYC,2024-12-29,4.3
rev00383,uL041,r018,NYC,2024-06-16,3.0
rev00384,uL041,r042,NYC,2026-01-03,4.3
rev00385,uL041,r017,NYC,2025-02-27,3.8
rev00386,uL041,r024,NYC,2023-05-13,4.3
rev00387,uL041,r034,NYC,2023-06-09,4.8
rev00388,uL041,r032,NYC,2025-03-27,5.0
rev00389,uL041,r036,NYC,2023-11-29,5.0
rev00390,uL042,r035,NYC,2025-01-11,4.3
rev00391,uL042,r034,NYC,2025-04-07,4.1
rev00392,uL042,r036,NYC,2023-07-18,4.9
rev00393,uL042,r025,NYC,2024-11-28,3.5
rev00394,uL042,r035,NYC,2026-01-08,5.0
rev00395,uL042,r035,NYC,2025-12-02,5.0
rev00396,uL042,r025,NYC,2024-01-30,3.9
rev00397,uL042,r042,NYC,2023-12-09,3.7
rev00398,uL043,r038,NYC,2025-11-30,5.0
rev00399,uL043,r039,NYC,2026-01-08,4.5
rev00400,uL043,r024,NYC,2023-10-21,4.9
rev00401,uL043,r017,NYC,2024-01-31,3.3
rev00402,uL043,r037,NYC,2023-12-31,4.3
rev00403,uL043,r006,NYC,2025-02-10,3.2
rev00404,uL044,r042,NYC,2024-08-31,4.6
rev00405,uL044,r037,NYC,2024-05-19,4.4
rev00406,uL044,r023,NYC,2025-09-12,4.5
rev00407,uL044,r041,NYC,2025-07-16,4.0
rev00408,uL044,r022,NYC,2025-03-18,4.1
rev00409,uL044,r027,NYC,2023-12-23,4.3
rev00410,uL044,r038,NYC,2023-11-05,4.9
rev00411,uL044,r040,NYC,2023-08-24,5.0
rev00412,uL044,r030,NYC,2023-10-08,3.6
rev00413,uL044,r037,NYC,2024-08-06,3.8
rev00414,uL044,r030,NYC,2025-07-09,4.9
rev00415,uL044,r040,NYC,2025-08-06,4.8
rev00416,uL045,r030,NYC,2024-05-22,3.8
rev00417,uL045,r011,NYC,2024-04-29,4.1
rev00418,uL045,r041,NYC,2024-12-12,4.7
rev00419,uL045,r016,NYC,2024-09-04,4.8
rev00420,uL045,r016,NYC,2025-09-12,4.2
rev00421,uL045,r001,NYC,2023-07-07,4.3
rev00422,uL045,r019,NYC,2023-11-28,5.0
rev00423,uL045,r036,NYC,2026-01-10,4.5
rev00424,uL045,r037,NYC,2024-05-26,5.0
rev00425,uL045,r007,NYC,2025-06-03,3.6
rev00426,uL046,r028,NYC,2023-09-10,5.0
rev00427,uL046,r030,NYC,2023-02-28,3.7
rev00428,uL046,r032,NYC,2023-11-16,4.6
rev00429,uL046,r001,NYC,2025-01-17,3.8
rev00430,uL046,r027,NYC,2023-07-20,3.2
rev00431,uL046,r025,NYC,2026-01-07,3.5
rev00432,uL046,r037,NYC,2025-11-30,3.5
rev00433,uL046,r026,NYC,2025-09-14,4.1
rev00434,uL046,r026,NYC,2025-02-28,4.6
rev00435,uL046,r003,NYC,2023-06-13,4.0
rev00436,uL046,r036,NYC,2023-08-26,4.6
rev00437,uL046,r036,NYC,2024-12-06,5.0
rev00438,uL046,r024,NYC,2024-12-19,3.4
rev00439,uL046,r018,NYC,2025-09-03,3.3
rev00440,uL047,r016,NYC,2025-08-20,4.2
rev00441,uL047,r019,NYC,2024-03-09,4.4
rev00442,uL047,r038,NYC,2025-09-21,4.6
rev00443,uL047,r037,NYC,2024-02-21,3.5
rev00444,uL047,r039,NYC,2023-05-03,4.6
rev00445,uL047,r038,NYC,2025-07-08,3.9
rev00446,uL047,r041,NYC,2024-12-20,5.0
rev00447,uL047,r025,NYC,2025-12-24,4.4
rev00448,uL047,r011,NYC,2025-06-13,2.7
rev00449,uL047,r033,NYC,2024-01-30,4.3
rev00450,uL048,r014,NYC,2024-11-27,2.6
rev00451,uL048,r023,NYC,2025-06-16,4.2
rev00452,uL048,r028,NYC,2025-07-29,4.7
rev00453,uL048,r039,NYC,2025-01-17,4.1
rev00454,uL048,r027,NYC,2023-05-23,4.5
rev00455,uL048,r034,NYC,2025-02-08,4.3
rev00456,uL048,r037,NYC,2023-12-19,4.2
rev00457,uL048,r035,NYC,2025-07-11,4.5
rev00458,uL048,r009,NYC,2025-02-14,2.6
rev00459,uL048,r041,NYC,2023-04-02,4.3
rev00460,uL048,r035,NYC,2025-02-23,3.9
rev00461,uL048,r037,NYC,2023-11-03,5.0
rev00462,uL049,r023,NYC,2024-08-18,4.2
rev00463,uL049,r015,NYC,2024-02-11,2.8
rev00464,uL049,r026,NYC,2023-09-24,4.3
rev00465,uL049,r021,NYC,2025-07-27,4.1
rev00466,uL049,r033,NYC,2025-10-27,4.5
rev00467,uL049,r016,NYC,2023-06-26,4.5
rev00468,uL049,r040,NYC,2025-07-25,5.0
rev00469,uL049,r039,NYC,2024-11-10,4.3
rev00470,uL049,r036,NYC,2024-09-11,4.3
rev00471,uL049,r036,NYC,2024-01-17,4.4
rev00472,uL049,r030,NYC,2023-10-01,2.9
rev00473,uL050,r020,NYC,2025-11-02,3.4
rev00474,uL050,r032,NYC,2025-02-19,5.0
rev00475,uL050,r042,NYC,2023-10-18,5.0
rev00476,uL050,r012,NYC,2024-10-20,3.1
rev00477,uL050,r036,NYC,2025-10-02,4.9
rev00478,uL050,r037,NYC,2023-06-26,4.8
rev00479,uL050,r023,NYC,2023-06-26,5.0
rev00480,uL050,r035,NYC,2024-12-31,5.0
rev00481,uL051,r033,NYC,2023-10-17,4.5
rev00482,uL051,r040,NYC,2023-05-19,4.1
rev00483,uL051,r030,NYC,2024-10-09,3.3
rev00484,uL051,r023,NYC,2024-05-01,4.3
rev00485,uL051,r041,NYC,2024-08-29,4.2
rev00486,uL051,r020,NYC,2024-08-10,3.4
rev00487,uL052,r033,NYC,2023-08-05,4.2
rev00488,uL052,r017,NYC,2023-12-07,3.6
rev00489,uL052,r034,NYC,2024-12-17,5.0
rev00490,uL052,r032,NYC,2023-03-25,4.7
rev00491,uL052,r041,NYC,2024-07-21,4.6
rev00492,uL052,r037,NYC,2025-05-28,5.0
rev00493,uL052,r004,NYC,2024-09-10,3.2
rev00494,uL053,r038,NYC,2025-05-06,4.1
rev00495,uL053,r010,NYC,2023-05-28,4.0
rev00496,uL053,r027,NYC,2025-09-03,4.5
rev00497,uL053,r033,NYC,2024-10-27,4.0
rev00498,uL053,r039,NYC,2025-04-21,4.5
rev00499,uL053,r025,NYC,2023-08-31,3.7
rev00500,uL053,r028,NYC,2024-07-26,3.4
rev00501,uL053,r016,NYC,2023-05-09,4.7
rev00502,uL053,r025,NYC,2025-05-31,5.0
rev00503,uL053,r039,NYC,2023-12-19,3.8
rev00504,uL053,r041,NYC,2024-10-27,4.9
rev00505,uL053,r017,NYC,2025-12-15,3.8
rev00506,uL053,r040,NYC,2025-11-09,4.3
rev00507,uL054,r026,NYC,2025-08-19,3.9
rev00508,uL054,r007,NYC,2024-08-24,2.7
rev00509,uL054,r040,NYC,2025-09-15,4.6
rev00510,uL054,r002,NYC,2023-09-03,2.7
rev00511,uL055,r021,NYC,2025-02-13,4.3
rev00512,uL055,r025,NYC,2025-04-25,4.2
rev00513,uL055,r032,NYC,2025-02-06,4.1
rev00514,uL055,r010,NYC,2025-11-23,2.7
rev00515,uL055,r032,NYC,2023-09-26,3.9
rev00516,uL055,r013,NYC,2025-02-28,3.6
rev00517,uL055,r024,NYC,2025-02-12,4.5
rev00518,uL055,r019,NYC,2025-12-03,3.7
rev00519,uL055,r006,NYC,2023-04-15,3.3
rev00520,uL055,r024,NYC,2025-09-22,4.6
rev00521,uL055,r017,NYC,2025-12-16,3.3
rev00522,uL056,r033,NYC,2023-12-24,4.9
rev00523,uL056,r033,NYC,2024-09-29,4.2
rev00524,uL056,r030,NYC,2025-12-04,4.5
rev00525,uL056,r036,NYC,2024-09-30,4.2
rev00526,uL056,r003,NYC,2024-12-04,2.2
rev00527,uL056,r042,NYC,2024-10-17,3.7
rev00528,uL056,r036,NYC,2023-03-21,4.6
rev00529,uL057,r042,NYC,2024-05-06,4.7
rev00530,uL057,r033,NYC,2024-01-10,4.1
rev00531,uL057,r036,NYC,2025-03-14,5.0
rev00532,uL057,r035,NYC,2023-03-31,3.7
rev00533,uL057,r035,NYC,2024-02-20,4.6
rev00534,uL057,r023,NYC,2023-12-02,3.5
rev00535,uL057,r019,NYC,2025-11-18,3.8
rev00536,uL057,r041,NYC,2023-06-02,4.6
rev00537,uL057,r030,NYC,2024-11-21,3.7
rev00538,uL057,r023,NYC,2024-01-15,4.0
rev00539,uL057,r031,NYC,2025-01-20,4.8
rev00540,uL057,r039,NYC,2024-07-20,4.3
rev00541,uL057,r018,NYC,2024-06-13,4.7
rev00542,uL058,r020,NYC,2024-09-26,3.6
rev00543,uL058,r036,NYC,2025-10-23,4.9
rev00544,uL058,r024,NYC,2024-08-08,5.0
rev00545,uL058,r032,NYC,2025-03-13,2.8
rev00546,uL058,r041,NYC,2023-11-21,4.2
rev00547,uL058,r022,NYC,2023-07-06,4.5
rev00548,uL058,r028,NYC,2024-07-04,4.1
rev00549,uL058,r019,NYC,2024-08-03,4.4
rev00550,uL059,r016,NYC,2024-05-30,3.9
rev00551,uL059,r035,NYC,2026-01-17,4.6
rev00552,uL059,r020,NYC,2023-08-19,4.1
rev00553,uL059,r036,NYC,2023-08-19,5.0
rev00554,uL059,r016,NYC,2023-12-15,4.3
rev00555,uL059,r041,NYC,2025-09-26,4.8
rev00556,uL059,r019,NYC,2024-09-05,4.0
rev00557,uL059,r034,NYC,2023-07-28,4.3
rev00558,uL059,r020,NYC,2023-04-12,4.0
rev00559,uL059,r039,NYC,2023-04-10,4.8
rev00560,uL059,r018,NYC,2024-09-09,4.0
rev00561,uL060,r032,NYC,2023-09-02,4.4
rev00562,uL060,r042,NYC,2026-01-03,5.0
rev00563,uL060,r041,NYC,2025-11-23,5.0
rev00564,uL060,r018,NYC,2023-09-13,4.0
rev00565,uL061,r028,NYC,2024-07-05,4.9
rev00566,uL061,r002,NYC,2024-12-16,3.0
rev00567,uL061,r032,NYC,2024-02-25,3.1
rev00568,uL061,r039,NYC,2025-05-05,4.0
rev00569,uL061,r030,NYC,2023-07-22,3.2
rev00570,uL061,r013,NYC,2023-11-09,3.0
rev00571,uL061,r041,NYC,2023-02-08,4.6
rev00572,uL061,r020,NYC,2024-07-25,5.0
rev00573,uL061,r032,NYC,2024-07-14,4.4
rev00574,uL062,r020,NYC,2023-09-25,4.1
rev00575,uL062,r017,NYC,2025-11-20,4.7
rev00576,uL062,r035,NYC,2024-09-21,3.4
rev00577,uL062,r019,NYC,2023-10-26,4.3
rev00578,uL062,r028,NYC,2025-03-01,4.6
rev00579,uL062,r032,NYC,2025-09-16,3.4
rev00580,uL062,r038,NYC,2024-04-17,5.0
rev00581,uL062,r035,NYC,2023-07-12,4.8
rev00582,uL062,r031,NYC,2025-02-04,4.0
rev00583,uL062,r032,NYC,2023-06-01,4.5
rev00584,uL062,r040,NYC,2024-03-15,5.0
rev00585,uL062,r017,NYC,2024-11-27,4.3
rev00586,uL062,r019,NYC,2025-10-23,4.3
rev00587,uL063,r028,NYC,2025-12-12,3.9
rev00588,uL063,r032,NYC,2025-08-29,3.7
rev00589,uL063,r023,NYC,2023-03-11,4.7
rev00590,uL063,r038,NYC,2024-04-16,4.1
rev00591,uL063,r006,NYC,2024-12-31,3.2
rev00592,uL064,r042,NYC,2023-06-16,4.3
rev00593,uL064,r026,NYC,2023-10-30,4.5
rev00594,uL064,r042,NYC,2025-06-04,4.8
rev00595,uL064,r040,NYC,2025-08-01,5.0
rev00596,uL064,r035,NYC,2023-10-25,4.3
rev00597,uL064,r024,NYC,2024-01-26,4.1
rev00598,uL064,r036,NYC,2024-04-26,4.1
rev00599,uL064,r037,NYC,2024-09-28,4.4
rev00600,uL064,r036,NYC,2025-06-12,4.8
rev00601,uL064,r038,NYC,2024-06-15,5.0
rev00602,uL064,r017,NYC,2024-02-16,3.7
rev00603,uL064,r005,NYC,2025-06-02,3.7
rev00604,uL065,r040,NYC,2023-02-27,5.0
rev00605,uL065,r009,NYC,2023-04-04,3.4
rev00606,uL065,r035,NYC,2023-05-05,5.0
rev00607,uL065,r006,NYC,2025-07-12,2.8
rev00608,uL065,r019,NYC,2023-05-21,3.5
rev00609,uL065,r042,NYC,2024-05-19,3.6
rev00610,uL065,r036,NYC,2024-11-09,5.0
rev00611,uL065,r037,NYC,2024-11-12,5.0
rev00612,uL065,r040,NYC,2025-12-28,4.6
rev00613,uL065,r022,NYC,2023-05-30,4.4
rev00614,uL065,r033,NYC,2024-01-19,4.0
rev00615,uL065,r027,NYC,2025-11-06,5.0
rev00616,uL065,r024,NYC,2025-03-16,4.3
rev00617,uL065,r023,NYC,2025-05-27,4.3
rev00618,uL066,r025,NYC,2025-09-21,4.6
rev00619,uL066,r020,NYC,2023-11-17,4.5
rev00620,uL066,r040,NYC,2025-05-20,4.7
rev00621,uL066,r026,NYC,2024-07-01,3.8
rev00622,uL066,r034,NYC,2025-08-04,4.9
rev00623,uL066,r012,NYC,2024-02-20,4.2
rev00624,uL066,r025,NYC,2023-04-16,4.9
rev00625,uL066,r033,NYC,2024-04-14,5.0
rev00626,uL066,r039,NYC,2024-12-07,4.3
rev00627,uL067,r018,NYC,2023-09-23,3.7
rev00628,uL067,r037,NYC,2024-06-05,4.5
rev00629,uL067,r036,NYC,2025-04-17,4.6
rev00630,uL067,r022,NYC,2025-09-06,4.8
rev00631,uL067,r025,NYC,2024-07-14,3.3
rev00632,uL067,r040,NYC,2025-09-06,5.0
rev00633,uL067,r042,NYC,2025-09-13,4.5
rev00634,uL068,r040,NYC,2025-02-23,4.4
rev00635,uL068,r006,NYC,2024-04-23,2.6
rev00636,uL068,r003,NYC,2025-05-30,2.3
rev00637,uL068,r018,NYC,2024-05-11,4.7
rev00638,uL068,r039,NYC,2025-11-13,4.6
rev00639,uL068,r041,NYC,2024-12-17,3.9
rev00640,uL068,r038,NYC,2025-10-26,3.9
rev00641,uL068,r036,NYC,2025-01-16,4.4
rev00642,uL068,r036,NYC,2025-10-22,5.0
rev00643,uL068,r040,NYC,2023-05-26,4.5
rev00644,uL068,r039,NYC,2023-06-27,3.8
rev00645,uL068,r001,NYC,2023-11-03,3.1
rev00646,uL068,r020,NYC,2023-12-01,4.1
rev00647,uL068,r030,NYC,2025-02-28,2.7
rev00648,uL068,r034,NYC,2025-10-11,4.6
rev00649,uL068,r003,NYC,2026-01-19,3.1
rev00650,uL069,r003,NYC,2024-08-10,3.6
rev00651,uL069,r022,NYC,2025-11-19,5.0
rev00652,uL069,r035,NYC,2024-01-28,5.0
rev00653,uL069,r013,NYC,2023-11-26,3.1
rev00654,uL069,r034,NYC,2024-06-25,4.0
rev00655,uL069,r021,NYC,2025-04-17,5.0
rev00656,uL069,r042,NYC,2025-08-23,4.6
rev00657,uL069,r042,NYC,2024-05-02,4.6
rev00658,uL069,r038,NYC,2023-07-10,4.6
rev00659,uL069,r039,NYC,2023-03-31,4.7
rev00660,uL069,r025,NYC,2025-09-26,4.1
rev00661,uL069,r002,NYC,2024-01-11,2.9
rev00662,uL069,r039,NYC,2024-12-04,4.3
rev00663,uL070,r040,NYC,2025-09-25,4.6
rev00664,uL070,r041,NYC,2024-08-22,4.3
rev00665,uL070,r018,NYC,2024-10-31,3.8
rev00666,uL070,r019,NYC,2023-11-17,4.3
rev00667,uL070,r036,NYC,2025-04-20,4.5
rev00668,uL070,r020,NYC,2025-04-01,5.0
rev00669,uL070,r031,NYC,2025-03-22,2.7
rev00670,uL070,r016,NYC,2023-07-05,4.8
rev00671,uL070,r042,NYC,2023-05-15,5.0
rev00672,uL070,r020,NYC,2023-06-30,3.1
rev00673,uL071,r033,NYC,2025-04-17,4.4
rev00674,uL071,r021,NYC,2025-08-05,4.0
rev00675,uL071,r024,NYC,2025-03-04,3.4
rev00676,uL071,r035,NYC,2025-03-14,4.2
rev00677,uL071,r034,NYC,2024-06-13,4.0
rev00678,uL071,r011,NYC,2023-12-07,4.2
rev00679,uL071,r037,NYC,2023-12-07,5.0
rev00680,uL071,r023,NYC,2023-09-01,4.9
rev00681,uL071,r041,NYC,2025-07-24,5.0
rev00682,uL072,r014,NYC,2023-07-23,2.6
rev00683,uL072,r028,NYC,2025-12-10,3.9
rev00684,uL072,r004,NYC,2025-01-19,3.5
rev00685,uL072,r033,NYC,2024-11-20,3.9
rev00686,uL072,r026,NYC,2023-07-18,4.6
rev00687,uL072,r032,NYC,2024-06-06,4.1
rev00688,uL072,r017,NYC,2025-03-15,4.0
rev00689,uL072,r021,NYC,2024-07-28,4.6
rev00690,uL072,r009,NYC,2025-07-04,3.4
rev00691,uL073,r029,NYC,2023-07-02,4.0
rev00692,uL073,r041,NYC,2025-11-06,5.0
rev00693,uL073,r018,NYC,2023-09-02,3.6
rev00694,uL073,r001,NYC,2025-04-15,3.5
rev00695,uL073,r034,NYC,2024-11-30,4.9
rev00696,uL073,r027,NYC,2023-10-31,4.0
rev00697,uL073,r033,NYC,2024-03-12,4.8
rev00698,uL073,r018,NYC,2025-04-20,3.5
rev00699,uL074,r029,NYC,2024-06-05,4.7
rev00700,uL074,r022,NYC,2025-04-09,4.1
rev00701,uL074,r041,NYC,2024-03-10,4.3
rev00702,uL074,r031,NYC,2023-03-22,4.8
rev00703,uL074,r022,NYC,2023-06-16,3.8
rev00704,uL074,r038,NYC,2025-05-12,3.8
rev00705,uL074,r016,NYC,2024-10-07,3.3
rev00706,uL074,r034,NYC,2025-06-10,4.9
rev00707,uL074,r010,NYC,2025-10-03,2.5
rev00708,uL074,r031,NYC,2025-05-31,5.0
rev00709,uL074,r038,NYC,2025-01-31,3.5
rev00710,uL074,r038,NYC,2023-07-19,5.0
rev00711,uL074,r020,NYC,2025-01-22,4.3
rev00712,uL074,r033,NYC,2025-04-23,4.5
rev00713,uL075,r038,NYC,2023-08-30,4.3
rev00714,uL075,r021,NYC,2025-12-06,4.4
rev00715,uL075,r032,NYC,2024-04-22,4.2
rev00716,uL075,r026,NYC,2025-11-15,4.8
rev00717,uL075,r042,NYC,2025-10-10,4.7
rev00718,uL075,r027,NYC,2023-07-20,4.3
rev00719,uL075,r041,NYC,2023-11-12,4.4
rev00720,uL075,r024,NYC,2024-03-24,4.2
rev00721,uL075,r024,NYC,2023-08-13,4.4
rev00722,uL075,r035,NYC,2024-11-09,3.7
rev00723,uL075,r006,NYC,2023-09-18,2.5
rev00724,uL075,r024,NYC,2023-09-06,4.6
rev00725,uL075,r017,NYC,2024-06-08,4.3
rev00726,uL075,r032,NYC,2024-12-03,4.1
rev00727,uL075,r042,NYC,2024-05-14,4.6
rev00728,uL075,r034,NYC,2024-02-11,4.8
rev00729,uL075,r027,NYC,2023-03-26,3.9
rev00730,uL076,r019,NYC,2025-06-23,3.8
rev00731,uL076,r036,NYC,2024-03-22,4.7
rev00732,uL076,r036,NYC,2023-06-03,4.1
rev00733,uL076,r038,NYC,2024-02-12,4.8
rev00734,uL076,r019,NYC,2023-09-16,3.3
rev00735,uL076,r039,NYC,2026-01-10,5.0
rev00736,uL076,r033,NYC,2023-09-16,4.9
rev00737,uL076,r039,NYC,2024-01-14,4.7
rev00738,uL076,r036,NYC,2024-09-26,5.0
rev00739,uL076,r016,NYC,2023-09-24,5.0
rev00740,uL076,r016,NYC,2025-02-28,4.8
rev00741,uL076,r030,NYC,2025-05-31,3.2
rev00742,uL076,r032,NYC,2025-06-10,3.5
rev00743,uL076,r034,NYC,2024-01-15,4.3
rev00744,uL077,r022,NYC,2024-02-13,4.2
rev00745,uL077,r028,NYC,2023-05-15,4.5
rev00746,uL077,r018,NYC,2025-03-22,3.8
rev00747,uL077,r026,NYC,2025-10-29,4.3
rev00748,uL077,r039,NYC,2025-10-22,4.2
rev00749,uL077,r032,NYC,2024-04-21,3.9
rev00750,uL077,r021,NYC,2024-09-08,3.4
rev00751,uL077,r028,NYC,2025-11-05,3.7
rev00752,uL077,r015,NYC,2023-09-16,2.5
rev00753,uL077,r031,NYC,2025-02-15,3.7
rev00754,uL077,r037,NYC,2025-07-17,5.0
rev00755,uL078,r027,NYC,2024-06-15,3.7
rev00756,uL078,r042,NYC,2025-08-04,5.0
rev00757,uL078,r039,NYC,2023-07-23,4.9
rev00758,uL078,r042,NYC,2024-05-25,4.7
rev00759,uL078,r036,NYC,2025-01-13,4.1
rev00760,uL078,r017,NYC,2023-11-07,4.6
rev00761,uL078,r038,NYC,2023-05-27,4.3
rev00762,uL078,r031,NYC,2024-01-05,4.3
rev00763,uL078,r036,NYC,2024-09-09,5.0
rev00764,uL078,r041,NYC,2025-12-14,4.5
rev00765,uL078,r016,NYC,2025-05-17,4.8
rev00766,uL079,r035,NYC,2023-10-24,4.2
rev00767,uL079,r036,NYC,2024-06-15,4.6
rev00768,uL079,r035,NYC,2025-10-24,5.0
rev00769,uL079,r034,NYC,2025-05-23,4.3
rev00770,uL080,r034,NYC,2023-08-04,5.0
rev00771,uL080,r037,NYC,2025-02-19,5.0
rev00772,uL080,r029,NYC,2023-01-31,3.9
rev00773,uL080,r036,NYC,2025-08-21,4.9
rev00774,uL080,r035,NYC,2023-06-04,5.0
rev00775,uL080,r026,NYC,2025-06-23,4.5
rev00776,uL080,r030,NYC,2024-11-17,3.3
rev00777,uL080,r024,NYC,2023-10-20,3.8
rev00778,uL080,r029,NYC,2024-12-29,4.1
rev00779,uL081,r034,NYC,2025-08-24,4.6
rev00780,uL081,r041,NYC,2023-12-15,4.9
rev00781,uL081,r001,NYC,2025-06-20,3.3
rev00782,uL081,r035,NYC,2023-10-23,3.9
rev00783,uL082,r025,NYC,2023-07-13,4.4
rev00784,uL082,r040,NYC,2023-12-30,4.9
rev00785,uL082,r034,NYC,2024-05-19,4.9
rev00786,uL082,r012,NYC,2023-08-08,3.8
rev00787,uL082,r029,NYC,2023-10-24,4.7
rev00788,uL082,r030,NYC,2025-07-25,4.5
rev00789,uL083,r024,NYC,2023-09-29,4.2
rev00790,uL083,r029,NYC,2024-05-08,3.3
rev00791,uL083,r036,NYC,2023-08-23,4.8
rev00792,uL083,r025,NYC,2024-09-29,4.3
rev00793,uL084,r038,NYC,2023-10-25,4.7
rev00794,uL084,r035,NYC,2023-06-15,3.9
rev00795,uL084,r002,NYC,2023-12-28,2.6
rev00796,uL084,r036,NYC,2023-12-02,5.0
rev00797,uL084,r039,NYC,2023-07-22,4.6
rev00798,uL085,r036,NYC,2025-01-14,5.0
rev00799,uL085,r020,NYC,2023-07-17,4.2
rev00800,uL085,r033,NYC,2024-08-31,4.6
rev00801,uL085,r035,NYC,2024-10-04,5.0
rev00802,uL085,r033,NYC,2024-02-16,4.3
rev00803,uL085,r022,NYC,2023-05-17,4.3
rev00804,uL085,r038,NYC,2024-05-30,4.3
rev00805,uL085,r015,NYC,2025-11-14,3.0
rev00806,uL085,r010,NYC,2023-02-19,3.0
rev00807,uL085,r039,NYC,2025-06-05,4.7
rev00808,uL085,r035,NYC,2025-09-16,4.3
rev00809,uL085,r033,NYC,2023-02-23,5.0
rev00810,uL085,r006,NYC,2023-05-29,2.7
rev00811,uL086,r036,NYC,2025-05-25,4.5
rev00812,uL086,r026,NYC,2023-12-04,4.0
rev00813,uL086,r023,NYC,2025-12-08,5.0
rev00814,uL086,r023,NYC,2023-06-10,4.3
rev00815,uL086,r027,NYC,2024-05-28,4.8
rev00816,uL086,r012,NYC,2025-07-03,2.4
rev00817,uL086,r033,NYC,2023-05-18,4.7
rev00818,uL086,r036,NYC,2024-01-20,5.0
rev00819,uL086,r036,NYC,2023-02-18,4.6
rev00820,uL086,r041,NYC,2026-01-01,5.0
rev00821,uL086,r038,NYC,2024-07-09,4.3
rev00822,uL086,r016,NYC,2024-07-29,5.0
rev00823,uL087,r021,NYC,2023-06-05,5.0
rev00824,uL087,r042,NYC,2023-07-02,4.4
rev00825,uL087,r030,NYC,2023-05-19,4.0
rev00826,uL087,r032,NYC,2025-02-17,5.0
rev00827,uL087,r037,NYC,2023-09-19,5.0
rev00828,uL087,r030,NYC,2023-04-26,3.9
rev00829,uL087,r029,NYC,2025-03-20,4.0
rev00830,uL087,r038,NYC,2025-06-02,4.4
rev00831,uL087,r020,NYC,2024-11-11,3.5
rev00832,uL087,r011,NYC,2025-02-27,2.7
rev00833,uL087,r035,NYC,2023-05-13,4.0
rev00834,uL088,r030,NYC,2023-04-30,3.8
rev00835,uL088,r039,NYC,2024-11-26,4.6
rev00836,uL088,r028,NYC,2025-02-19,4.3
rev00837,uL088,r032,NYC,2024-10-09,5.0
rev00838,uL088,r020,NYC,2025-02-18,3.7
rev00839,uL089,r036,NYC,2024-06-11,5.0
rev00840,uL089,r041,NYC,2023-03-15,4.5
rev00841,uL089,r024,NYC,2023-02-14,4.2
rev00842,uL089,r025,NYC,2024-10-16,4.6
rev00843,uL089,r031,NYC,2024-05-27,3.6
rev00844,uL089,r042,NYC,2023-11-13,4.8
rev00845,uL089,r013,NYC,2024-05-14,3.3
rev00846,uL089,r040,NYC,2025-08-21,4.9
rev00847,uL089,r030,NYC,2025-04-12,4.4
rev00848,uL089,r032,NYC,2025-07-04,5.0
rev00849,uL090,r039,NYC,2025-04-09,4.2
rev00850,uL090,r036,NYC,2024-11-07,4.3
rev00851,uL090,r020,NYC,2024-03-16,3.9
rev00852,uL090,r037,NYC,2023-09-06,4.3
rev00853,uL090,r017,NYC,2025-09-06,3.8
rev00854,uL090,r016,NYC,2025-01-28,4.9
rev00855,uL090,r028,NYC,2023-09-28,5.0
rev00856,uL090,r038,NYC,2024-10-10,4.3
rev00857,uL090,r035,NYC,2023-04-18,4.1
rev00858,uL090,r039,NYC,2023-11-25,4.9
rev00859,uL090,r020,NYC,2025-01-23,3.9
rev00860,uL090,r007,NYC,2024-09-29,3.5
rev00861,uL090,r042,NYC,2023-03-30,4.7
rev00862,uL091,r020,NYC,2025-08-29,3.4
rev00863,uL091,r038,NYC,2023-10-01,5.0
rev00864,uL091,r039,NYC,2024-04-25,5.0
rev00865,uL091,r038,NYC,2025-02-26,4.3
rev00866,uL091,r041,NYC,2023-07-17,4.4
rev00867,uL091,r021,NYC,2023-06-28,4.4
rev00868,uL091,r009,NYC,2025-07-22,3.4
rev00869,uL091,r012,NYC,2024-12-05,3.6
rev00870,uL091,r041,NYC,2023-05-09,5.0
rev00871,uL091,r032,NYC,2025-04-13,4.1
rev00872,uL092,r035,NYC,2024-01-14,4.2
rev00873,uL092,r040,NYC,2024-08-11,3.8
rev00874,uL092,r040,NYC,2023-04-06,4.2
rev00875,uL092,r033,NYC,2024-09-21,4.6
rev00876,uL092,r040,NYC,2025-10-03,5.0
rev00877,uL092,r022,NYC,2023-11-03,3.9
rev00878,uL092,r034,NYC,2026-01-06,4.7
rev00879,uL092,r042,NYC,2023-03-06,4.6
rev00880,uL092,r029,NYC,2025-10-14,4.9
rev00881,uL092,r032,NYC,2024-11-14,5.0
rev00882,uL092,r018,NYC,2024-11-09,3.9
rev00883,uL093,r040,NYC,2024-08-23,4.3
rev00884,uL093,r042,NYC,2026-01-14,5.0
rev00885,uL093,r033,NYC,2024-05-16,5.0
rev00886,uL093,r020,NYC,2026-01-22,5.0
rev00887,uL093,r041,NYC,2023-05-20,4.9
rev00888,uL093,r041,NYC,2025-03-31,4.4
rev00889,uL093,r039,NYC,2024-01-16,4.9
rev00890,uL093,r033,NYC,2025-01-29,5.0
rev00891,uL093,r024,NYC,2023-11-13,4.7
rev00892,uL093,r018,NYC,2025-10-30,4.5
rev00893,uL093,r018,NYC,2023-04-13,4.8
rev00894,uL093,r020,NYC,2024-04-18,4.8
rev00895,uL094,r001,NYC,2024-03-13,4.0
rev00896,uL094,r024,NYC,2024-01-24,4.6
rev00897,uL094,r033,NYC,2023-11-12,4.5
rev00898,uL095,r031,NYC,2025-02-11,4.3
rev00899,uL095,r035,NYC,2023-08-20,5.0
rev00900,uL095,r023,NYC,2023-12-14,3.8
rev00901,uL095,r027,NYC,2025-10-19,4.4
rev00902,uL095,r018,NYC,2025-01-25,4.0
rev00903,uL095,r033,NYC,2024-01-20,4.6
rev00904,uL095,r036,NYC,2024-09-20,5.0
rev00905,uL095,r036,NYC,2025-04-06,4.7
rev00906,uL095,r023,NYC,2024-04-22,4.2
rev00907,uL095,r014,NYC,2025-11-07,2.5
rev00908,uL095,r037,NYC,2024-05-27,5.0
rev00909,uL095,r023,NYC,2023-07-26,4.6
rev00910,uL095,r035,NYC,2024-12-13,5.0
rev00911,uL095,r021,NYC,2024-06-20,4.0
rev00912,uL096,r021,NYC,2023-09-04,4.3
rev00913,uL096,r007,NYC,2025-07-11,3.3
rev00914,uL096,r042,NYC,2025-05-22,5.0
rev00915,uL096,r025,NYC,2025-03-04,4.1
rev00916,uL096,r029,NYC,2024-05-01,4.4
rev00917,uL096,r010,NYC,2023-04-04,3.5
rev00918,uL096,r023,NYC,2023-08-28,4.3
rev00919,uL096,r018,NYC,2025-03-04,4.0
rev00920,uL096,r010,NYC,2023-08-04,3.3
rev00921,uL096,r042,NYC,2025-10-10,5.0
rev00922,uL096,r027,NYC,2023-12-29,3.6
rev00923,uL096,r027,NYC,2023-05-15,4.3
rev00924,uL096,r019,NYC,2024-02-19,3.8
rev00925,uL096,r032,NYC,2024-07-22,4.9
rev00926,uL096,r022,NYC,2023-08-10,3.4
rev00927,uL096,r032,NYC,2025-10-27,3.9
rev00928,uL097,r001,NYC,2023-07-24,3.4
rev00929,uL097,r035,NYC,2025-10-05,5.0
rev00930,uL097,r004,NYC,2024-01-10,3.2
rev00931,uL097,r042,NYC,2025-09-21,4.3
rev00932,uL097,r023,NYC,2025-04-19,5.0
rev00933,uL097,r040,NYC,2024-07-21,3.8
rev00934,uL097,r031,NYC,2024-02-08,3.0
rev00935,uL098,r006,NYC,2025-07-14,3.4
rev00936,uL098,r020,NYC,2024-07-29,3.9
rev00937,uL098,r017,NYC,2023-08-12,3.6
rev00938,uL098,r024,NYC,2025-05-22,4.6
rev00939,uL098,r008,NYC,2025-03-28,3.3
rev00940,uL098,r027,NYC,2025-09-24,3.9
rev00941,uL098,r020,NYC,2024-09-29,3.5
rev00942,uL098,r040,NYC,2023-04-07,5.0
rev00943,uL099,r030,NYC,2023-11-23,4.6
rev00944,uL099,r037,NYC,2024-01-15,4.5
rev00945,uL099,r006,NYC,2023-07-05,4.2
rev00946,uL099,r038,NYC,2023-11-24,4.0
rev00947,uL099,r021,NYC,2023-06-12,3.4
rev00948,uL099,r032,NYC,2024-11-23,3.8
rev00949,uL099,r040,NYC,2025-12-31,4.6
rev00950,uL099,r015,NYC,2023-11-28,3.3
rev00951,uL099,r033,NYC,2023-08-19,4.5
rev00952,uL100,r014,NYC,2024-09-02,3.4
rev00953,uL100,r029,NYC,2025-09-20,3.5
rev00954,uL100,r021,NYC,2023-11-16,5.0
rev00955,uL100,r035,NYC,2025-04-27,4.6
rev00956,uL101,r040,NYC,2024-05-26,5.0
rev00957,uL101,r029,NYC,2024-07-29,4.4
rev00958,uL101,r038,NYC,2024-10-23,4.9
rev00959,uL101,r029,NYC,2023-08-15,4.5
rev00960,uL102,r022,NYC,2025-07-21,4.4
rev00961,uL102,r023,NYC,2025-05-28,4.6
rev00962,uL102,r012,NYC,2025-07-18,3.9
rev00963,uL102,r038,NYC,2025-10-14,4.7
rev00964,uL102,r039,NYC,2023-05-21,5.0
rev00965,uL102,r017,NYC,2024-10-24,4.2
rev00966,uL102,r026,NYC,2026-01-03,5.0
rev00967,uL102,r040,NYC,2024-03-12,4.2
rev00968,uL102,r020,NYC,2025-08-17,5.0
rev00969,uL102,r025,NYC,2024-03-08,4.2
rev00970,uL102,r038,NYC,2025-11-25,3.8
rev00971,uL102,r041,NYC,2023-03-29,4.7
rev00972,uL102,r029,NYC,2025-07-27,3.8
rev00973,uL102,r039,NYC,2025-01-11,5.0
rev00974,uL102,r039,NYC,2024-07-08,4.2
rev00975,uL102,r035,NYC,2024-08-31,4.4
rev00976,uL102,r007,NYC,2024-04-08,2.2
rev00977,uL103,r020,NYC,2024-03-24,4.0
rev00978,uL103,r026,NYC,2023-03-08,2.9
rev00979,uL103,r029,NYC,2023-10-23,3.3
rev00980,uL103,r033,NYC,2023-02-12,5.0
rev00981,uL103,r033,NYC,2024-10-12,5.0
rev00982,uL103,r036,NYC,2024-08-11,4.8
rev00983,uL103,r025,NYC,2025-01-09,3.7
rev00984,uL103,r019,NYC,2024-10-05,4.2
rev00985,uL103,r038,NYC,2025-04-18,4.6
rev00986,uL103,r001,NYC,2025-03-02,2.6
rev00987,uL103,r033,NYC,2024-08-26,5.0
rev00988,uL103,r014,NYC,2023-06-05,3.7
rev00989,uL103,r021,NYC,2024-11-21,4.1
rev00990,uL103,r041,NYC,2024-09-28,4.6
rev00991,uL103,r030,NYC,2024-06-01,4.3
rev00992,uL104,r033,NYC,2024-11-10,3.5
rev00993,uL104,r036,NYC,2025-11-09,4.5
rev00994,uL104,r005,NYC,2024-02-18,2.8
rev00995,uL104,r036,NYC,2026-01-24,4.0
rev00996,uL104,r029,NYC,2025-01-29,4.0
rev00997,uL104,r039,NYC,2024-01-31,5.0
rev00998,uL104,r029,NYC,2024-07-08,4.6
rev00999,uL104,r032,NYC,2024-02-04,3.9
rev01000,uL104,r019,NYC,2024-04-27,4.5
rev01001,uL104,r023,NYC,2024-12-04,5.0
rev01002,uL104,r033,NYC,2025-09-01,5.0
rev01003,uL104,r034,NYC,2023-06-20,4.6
rev01004,uL104,r018,NYC,2023-09-28,3.8
rev01005,uL105,r008,NYC,2023-11-30,3.6
rev01006,uL105,r019,NYC,2025-05-13,4.4
rev01007,uL105,r039,NYC,2024-01-30,5.0
rev01008,uL105,r029,NYC,2024-01-23,4.5
rev01009,uL105,r008,NYC,2025-08-08,3.8
rev01010,uL105,r037,NYC,2024-01-06,4.3
rev01011,uL105,r017,NYC,2023-07-25,4.9
rev01012,uL105,r027,NYC,2025-06-23,4.3
rev01013,uL105,r042,NYC,2025-03-21,5.0
rev01014,uL105,r031,NYC,2025-02-28,3.8
rev01015,uL105,r031,NYC,2023-03-03,5.0
rev01016,uL106,r036,NYC,2024-05-03,4.7
rev01017,uL106,r024,NYC,2023-10-17,3.8
rev01018,uL106,r030,NYC,2024-10-13,3.9
rev01019,uL106,r038,NYC,2024-09-27,4.4
rev01020,uL106,r033,NYC,2024-12-17,4.8
rev01021,uL106,r035,NYC,2023-10-27,4.9
rev01022,uL106,r040,NYC,2025-01-30,4.3
rev01023,uL106,r017,NYC,2025-05-01,4.2
rev01024,uL106,r020,NYC,2023-10-21,5.0
rev01025,uL106,r003,NYC,2025-11-24,4.2
rev01026,uL106,r025,NYC,2023-04-12,4.4
rev01027,uL106,r034,NYC,2026-01-25,4.6
rev01028,uL106,r033,NYC,2023-05-04,4.7
rev01029,uL106,r034,NYC,2023-03-07,4.9
rev01030,uL107,r027,NYC,2025-03-14,3.6
rev01031,uL107,r021,NYC,2023-12-05,4.1
rev01032,uL107,r035,NYC,2023-02-14,3.7
rev01033,uL107,r035,NYC,2025-12-26,4.8
rev01034,uL107,r033,NYC,2023-11-02,5.0
rev01035,uL108,r014,NYC,2023-09-24,2.9
rev01036,uL108,r037,NYC,2025-11-10,5.0
rev01037,uL108,r019,NYC,2024-07-17,3.5
rev01038,uL108,r042,NYC,2025-01-28,3.8
rev01039,uL108,r022,NYC,2023-04-16,4.3
rev01040,uL108,r040,NYC,2025-10-06,5.0
rev01041,uL108,r001,NYC,2023-07-27,4.1
rev01042,uL108,r029,NYC,2023-07-29,3.9
rev01043,uL108,r010,NYC,2023-08-21,3.8
rev01044,uL109,r042,NYC,2024-07-19,4.6
rev01045,uL109,r013,NYC,2024-01-18,3.1
rev01046,uL109,r038,NYC,2024-10-27,5.0
rev01047,uL109,r016,NYC,2023-04-29,4.6
rev01048,uL109,r016,NYC,2024-01-10,3.3
rev01049,uL109,r040,NYC,2024-07-28,5.0
rev01050,uL110,r018,NYC,2025-04-25,5.0
rev01051,uL110,r028,NYC,2025-03-25,3.9
rev01052,uL110,r029,NYC,2025-06-07,4.4
rev01053,uL110,r038,NYC,2023-09-14,4.9
rev01054,uL110,r036,NYC,2023-12-18,4.7
rev01055,uL110,r040,NYC,2025-10-10,4.3
rev01056,uL110,r035,NYC,2024-02-01,4.2
rev01057,uL110,r037,NYC,2023-03-26,4.6
rev01058,uL110,r040,NYC,2025-10-11,5.0
rev01059,uL111,r026,NYC,2023-04-30,4.5
rev01060,uL111,r034,NYC,2023-02-20,4.4
rev01061,uL111,r035,NYC,2024-04-28,5.0
rev01062,uL111,r035,NYC,2023-08-09,3.0
rev01063,uL111,r036,NYC,2025-10-08,5.0
rev01064,uL111,r035,NYC,2025-03-24,3.6
rev01065,uL111,r038,NYC,2023-05-17,4.4
rev01066,uL111,r041,NYC,2025-11-26,4.0
rev01067,uL111,r039,NYC,2023-12-30,3.9
rev01068,uL111,r029,NYC,2024-06-02,4.8
rev01069,uL112,r032,NYC,2025-03-11,3.9
rev01070,uL112,r020,NYC,2025-08-23,4.4
rev01071,uL112,r032,NYC,2023-07-25,4.2
rev01072,uL112,r042,NYC,2023-03-03,4.9
rev01073,uL112,r026,NYC,2023-01-26,4.2
rev01074,uL112,r038,NYC,2024-10-10,3.9
rev01075,uL112,r035,NYC,2024-12-24,5.0
rev01076,uL113,r038,NYC,2025-08-13,4.3
rev01077,uL113,r037,NYC,2025-09-20,3.7
rev01078,uL113,r025,NYC,2025-08-09,4.0
rev01079,uL113,r037,NYC,2024-04-24,5.0
rev01080,uL113,r024,NYC,2024-09-14,4.7
rev01081,uL113,r025,NYC,2023-08-31,4.0
rev01082,uL113,r017,NYC,2023-11-09,4.0
rev01083,uL113,r036,NYC,2025-05-13,4.4
rev01084,uL113,r033,NYC,2024-02-14,5.0
rev01085,uL113,r039,NYC,2024-04-11,4.8
rev01086,uL114,r018,NYC,2024-12-18,4.4
rev01087,uL114,r027,NYC,2023-10-05,4.8
rev01088,uL114,r028,NYC,2025-11-23,4.3
rev01089,uL114,r030,NYC,2026-01-16,4.1
rev01090,uL114,r032,NYC,2025-06-30,4.1
rev01091,uL114,r029,NYC,2025-12-02,4.2
rev01092,uL114,r040,NYC,2024-01-16,4.6
rev01093,uL114,r016,NYC,2025-03-29,4.6
rev01094,uL114,r033,NYC,2024-11-15,4.6
rev01095,uL114,r025,NYC,2024-06-17,4.6
rev01096,uL114,r042,NYC,2024-09-19,4.6
rev01097,uL114,r016,NYC,2025-05-20,4.2
rev01098,uL115,r037,NYC,2024-09-29,3.5
rev01099,uL115,r031,NYC,2024-10-29,4.7
rev01100,uL115,r041,NYC,2024-04-15,4.8
rev01101,uL115,r034,NYC,2024-09-12,5.0
rev01102,uL115,r041,NYC,2023-10-24,3.0
rev01103,uL115,r035,NYC,2024-11-16,5.0
rev01104,uL115,r037,NYC,2025-10-05,4.5
rev01105,uL115,r041,NYC,2025-05-29,5.0
rev01106,uL115,r040,NYC,2026-01-23,4.0
rev01107,uL115,r039,NYC,2023-02-21,4.9
rev01108,uL115,r004,NYC,2023-11-19,2.6
rev01109,uL115,r008,NYC,2024-07-25,2.9
rev01110,uL116,r042,NYC,2024-06-22,5.0
rev01111,uL116,r009,NYC,2024-09-21,3.1
rev01112,uL116,r031,NYC,2025-01-29,4.3
rev01113,uL116,r014,NYC,2024-04-29,3.7
rev01114,uL116,r032,NYC,2024-05-26,4.5
rev01115,uL116,r038,NYC,2024-09-06,4.7
rev01116,uL116,r007,NYC,2025-03-17,3.4
rev01117,uL116,r041,NYC,2024-10-27,5.0
rev01118,uL116,r021,NYC,2025-07-21,4.2
rev01119,uL116,r040,NYC,2025-02-17,4.7
rev01120,uL116,r031,NYC,2024-03-03,4.8
rev01121,uL116,r042,NYC,2024-09-19,5.0
rev01122,uL116,r042,NYC,2023-06-27,5.0
rev01123,uL116,r018,NYC,2025-12-13,4.6
rev01124,uL116,r006,NYC,2024-08-19,2.6
rev01125,uL116,r016,NYC,2024-07-01,5.0
rev01126,uL117,r036,NYC,2023-12-09,4.0
rev01127,uL117,r041,NYC,2023-05-10,4.8
rev01128,uL117,r034,NYC,2024-10-03,4.2
rev01129,uL117,r032,NYC,2025-01-28,4.2
rev01130,uL117,r036,NYC,2026-01-06,4.8
rev01131,uL118,r030,NYC,2025-05-26,4.4
rev01132,uL118,r026,NYC,2025-01-10,4.4
rev01133,uL118,r019,NYC,2024-12-05,5.0
rev01134,uL118,r022,NYC,2026-01-16,4.4
rev01135,uL118,r032,NYC,2023-02-13,4.1
rev01136,uL118,r024,NYC,2024-06-01,4.7
rev01137,uL119,r006,NYC,2024-11-13,3.9
rev01138,uL119,r038,NYC,2023-09-15,3.9
rev01139,uL119,r031,NYC,2024-08-27,4.5
rev01140,uL119,r030,NYC,2025-03-03,4.6
rev01141,uL119,r030,NYC,2025-10-18,4.0
rev01142,uL119,r040,NYC,2024-02-24,5.0
rev01143,uL119,r011,NYC,2023-08-10,3.1
rev01144,uL119,r041,NYC,2026-01-22,4.7
rev01145,uL119,r009,NYC,2024-04-06,3.1
rev01146,uL119,r019,NYC,2025-07-05,4.2
rev01147,uL119,r041,NYC,2023-12-06,4.0
rev01148,uL119,r036,NYC,2023-04-13,3.8
rev01149,uL119,r008,NYC,2024-06-24,4.1
rev01150,uT000,r019,NYC,2024-05-21,3.8
rev01151,uT001,r028,NYC,2024-03-12,3.8
rev01152,uT002,r006,NYC,2023-10-19,3.2
rev01153,uT003,r002,NYC,2025-03-02,4.0
rev01154,uT004,r017,NYC,2025-05-28,3.6
rev01155,uT004,r005,NYC,2025-06-02,5.0
rev01156,uT004,r019,NYC,2025-05-28,4.9
rev01157,uT005,r018,NYC,2025-06-08,3.9
rev01158,uT006,r008,NYC,2024-09-24,5.0
rev01159,uT007,r016,NYC,2024-08-17,4.8
rev01160,uT007,r002,NYC,2024-08-15,4.2
rev01161,uT007,r015,NYC,2024-08-18,3.0
rev01162,uT008,r010,NYC,2025-11-23,5.0
rev01163,uT008,r013,NYC,2025-11-20,3.6
rev01164,uT008,r007,NYC,2025-11-21,3.5
rev01165,uT009,r035,NYC,2024-10-01,4.4
rev01166,uT011,r018,NYC,2024-01-11,5.0
rev01167,uT013,r018,NYC,2024-08-01,5.0
rev01168,uT013,r004,NYC,2024-08-04,4.7
rev01169,uT015,r015,NYC,2025-12-05,4.7
rev01170,uT015,r013,NYC,2025-12-08,4.9
rev01171,uT015,r005,NYC,2025-12-05,4.8
rev01172,uT016,r019,NYC,2024-08-22,4.5
rev01173,uT016,r020,NYC,2024-08-23,4.4
rev01174,uT016,r001,NYC,2024-08-24,4.4
rev01175,uT017,r031,NYC,2024-04-19,3.9
rev01176,uT017,r025,NYC,2024-04-19,4.1
rev01177,uT019,r004,NYC,2023-10-17,3.5
rev01178,uT019,r016,NYC,2023-10-18,4.2
rev01179,uT019,r023,NYC,2023-10-10,3.8
rev01180,uT020,r018,NYC,2024-01-26,3.7
rev01181,uT021,r015,NYC,2024-06-16,4.5
rev01182,uT021,r029,NYC,2024-06-10,5.0
rev01183,uT021,r013,NYC,2024-06-14,4.9
rev01184,uT022,r032,NYC,2025-07-21,3.4
rev01185,uT024,r013,NYC,2023-12-29,3.9
rev01186,uT025,r004,NYC,2024-02-07,4.9
rev01187,uT027,r013,NYC,2025-01-06,3.9
rev01188,uT028,r003,NYC,2024-01-17,4.3
rev01189,uT031,r003,NYC,2023-08-24,4.7
rev01190,uT032,r009,NYC,2024-08-11,3.9
rev01191,uT033,r006,NYC,2025-02-06,4.5
rev01192,uT035,r013,NYC,2023-10-04,3.7
rev01193,uT039,r006,NYC,2024-03-16,4.1
rev01194,uT040,r028,NYC,2024-04-18,4.5
rev01195,uT041,r030,NYC,2025-05-29,3.4
rev01196,uT041,r024,NYC,2025-05-29,4.5
rev01197,uT042,r032,NYC,2025-04-05,4.3
rev01198,uT045,r001,NYC,2024-10-02,4.7
rev01199,uT046,r010,NYC,2023-11-20,4.5
rev01200,uT047,r004,NYC,2025-03-11,5.0
rev01201,uT047,r014,NYC,2025-03-12,4.5
rev01202,uT048,r012,NYC,2025-03-13,4.2
rev01203,uT048,r006,NYC,2025-03-19,4.5
rev01204,uT049,r025,NYC,2024-12-12,4.6
rev01205,uT049,r028,NYC,2024-12-17,4.3
rev01206,uT051,r030,NYC,2025-02-04,4.3
rev01207,uT052,r025,NYC,2025-12-11,3.9
rev01208,uT052,r017,NYC,2025-12-16,3.9
rev01209,uT053,r006,NYC,2025-11-03,3.6
rev01210,uT054,r009,NYC,2023-10-01,5.0
rev01211,uT055,r004,NYC,2023-08-30,3.7
rev01212,uT057,r033,NYC,2025-09-20,3.4
rev01213,uT057,r005,NYC,2025-09-19,4.0
rev01214,uT058,r026,NYC,2024-02-22,4.8
rev01215,uT059,r008,NYC,2023-10-06,4.2
rev01216,uT059,r006,NYC,2023-10-08,5.0
rev01217,uT059,r014,NYC,2023-10-06,4.0
rev01218,uT062,r004,NYC,2023-12-16,4.6
rev01219,uT062,r040,NYC,2023-12-15,3.3
rev01220,uT063,r001,NYC,2025-12-09,5.0
rev01221,uT063,r007,NYC,2025-12-07,3.7
rev01222,uT064,r027,NYC,2023-10-16,4.5
rev01223,uT064,r026,NYC,2023-10-13,4.6
rev01224,uT064,r002,NYC,2023-10-12,4.6
rev01225,uT064,r024,NYC,2023-10-17,4.2
rev01226,uT065,r014,NYC,2024-03-22,4.3
rev01227,uT066,r011,NYC,2025-07-26,4.4
rev01228,uT066,r009,NYC,2025-07-26,4.3
rev01229,uT067,r017,NYC,2025-04-06,4.8
rev01230,uT068,r009,NYC,2025-09-02,5.0
rev01231,uT069,r002,NYC,2024-04-01,4.1
rev01232,uT069,r020,NYC,2024-03-28,3.5
rev01233,uT069,r006,NYC,2024-04-01,4.4
rev01234,uT070,r015,NYC,2025-06-01,5.0
rev01235,uT071,r019,NYC,2025-11-12,3.9
rev01236,uT071,r029,NYC,2025-11-12,5.0
rev01237,uT072,r006,NYC,2025-02-13,5.0
rev01238,uT072,r007,NYC,2025-02-14,4.1
rev01239,uT073,r020,NYC,2025-01-24,4.6
rev01240,uT074,r022,NYC,2024-06-09,5.0
rev01241,uT075,r020,NYC,2025-04-28,4.1
rev01242,uT076,r008,NYC,2024-02-25,4.3
rev01243,uT077,r004,NYC,2025-02-19,4.1
rev01244,uT078,r028,NYC,2024-01-29,3.7
rev01245,uT078,r010,NYC,2024-01-29,4.0
rev01246,uT078,r005,NYC,2024-01-22,3.7
rev01247,uV000,r020,NYC,2023-04-22,4.2
rev01248,uV001,r020,NYC,2024-10-10,3.8
rev01249,uV002,r016,NYC,2023-12-27,4.3
rev01250,uV002,r028,NYC,2025-02-07,3.3
rev01251,uV002,r028,NYC,2025-12-08,4.4
rev01252,uV004,r029,NYC,2023-02-20,4.7
rev01253,uV004,r034,NYC,2024-05-27,3.0
rev01254,uV004,r026,NYC,2025-08-12,4.4
rev01255,uV004,r023,NYC,2024-03-26,4.9
rev01256,uV004,r008,NYC,2025-01-09,2.9
rev01257,uV004,r032,NYC,2024-09-28,5.0
rev01258,uV004,r019,NYC,2024-01-26,4.4
rev01259,uV004,r015,NYC,2024-01-24,3.2
rev01260,uV005,r021,NYC,2023-10-02,4.2
rev01261,uV005,r003,NYC,2026-01-13,3.9
rev01262,uV006,r002,NYC,2023-09-24,3.6
rev01263,uV006,r016,NYC,2024-11-19,4.5
rev01264,uV006,r007,NYC,2023-12-10,3.1
rev01265,uV007,r024,NYC,2024-12-05,4.3
rev01266,uV007,r025,NYC,2024-02-13,3.4
rev01267,uV008,r016,NYC,2023-09-12,4.1
rev01268,uV008,r017,NYC,2025-10-12,3.7
rev01269,uV008,r033,NYC,2025-12-18,3.7
rev01270,uV008,r002,NYC,2025-03-29,4.3
rev01271,uV008,r016,NYC,2023-04-26,4.8
rev01272,uV008,r029,NYC,2024-10-26,4.5
rev01273,uV008,r029,NYC,2024-03-30,3.6
rev01274,uV009,r008,NYC,2024-08-08,3.4
rev01275,uV009,r039,NYC,2025-12-13,4.8
rev01276,uV009,r023,NYC,2024-11-08,4.3
rev01277,uV009,r004,NYC,2024-12-19,4.9
rev01278,uV009,r021,NYC,2023-05-09,4.4
rev01279,uV009,r003,NYC,2025-06-17,3.7
rev01280,uV010,r029,NYC,2026-01-22,4.0
rev01281,uV010,r037,NYC,2025-09-05,4.2
rev01282,uV010,r035,NYC,2024-07-07,4.0
rev01283,uV010,r036,NYC,2024-12-02,4.5
rev01284,uV010,r006,NYC,2025-10-02,4.1
rev01285,uV011,r023,NYC,2023-06-20,3.8
rev01286,uV011,r008,NYC,2025-10-09,2.9
rev01287,uV011,r027,NYC,2025-06-26,3.2
rev01288,uV012,r027,NYC,2025-10-18,4.5
rev01289,uV012,r024,NYC,2024-11-22,3.6
rev01290,uV012,r011,NYC,2023-11-06,2.4
rev01291,uV012,r022,NYC,2025-04-03,4.4
rev01292,uV013,r033,NYC,2024-09-30,5.0
rev01293,uV013,r041,NYC,2025-05-02,4.1
rev01294,uV013,r023,NYC,2025-01-30,4.7
rev01295,uV013,r015,NYC,2023-03-30,3.6
rev01296,uV013,r028,NYC,2025-04-12,4.1
rev01297,uV014,r009,NYC,2023-11-06,4.1
rev01298,uV014,r018,NYC,2025-02-01,4.0
rev01299,uV014,r026,NYC,2023-11-16,4.3
rev01300,uV014,r026,NYC,2025-05-26,4.4
rev01301,uV015,r019,NYC,2023-02-10,3.8
rev01302,uV015,r028,NYC,2026-01-08,4.7
rev01303,uV015,r025,NYC,2023-07-04,4.1
rev01304,uV016,r037,NYC,2024-10-09,3.7
rev01305,uV017,r021,NYC,2024-01-07,4.5
rev01306,uV017,r004,NYC,2024-08-17,3.1
rev01307,uV017,r009,NYC,2023-12-01,3.6
rev01308,uV018,r021,NYC,2025-05-20,4.2
rev01309,uV018,r009,NYC,2025-04-21,4.2
rev01310,uV018,r033,NYC,2023-02-19,4.4
rev01311,uV018,r022,NYC,2025-01-19,4.2
rev01312,uV019,r026,NYC,2025-04-06,4.6
rev01313,uV019,r017,NYC,2024-01-29,5.0
rev01314,uV019,r019,NYC,2026-01-05,4.5
rev01315,uV019,r020,NYC,2024-04-19,4.2
rev01316,uV019,r002,NYC,2023-08-02,2.9
rev01317,uV019,r024,NYC,2024-04-14,3.6
rev01318,uV019,r039,NYC,2023-07-21,3.9
rev01319,uV020,r015,NYC,2023-06-30,3.3
rev01320,uV020,r004,NYC,2023-06-02,3.5
rev01321,uV020,r004,NYC,2024-03-11,3.6
rev01322,uV021,r021,NYC,2023-11-16,4.5
rev01323,uV021,r026,NYC,2025-07-18,4.2
rev01324,uV021,r004,NYC,2024-06-22,3.9
rev01325,uV021,r012,NYC,2025-03-23,3.6
rev01326,uV022,r023,NYC,2025-01-30,3.1
rev01327,uV022,r023,NYC,2024-12-22,3.7
rev01328,uV022,r020,NYC,2024-09-10,4.1
rev01329,uV022,r010,NYC,2024-05-28,2.9
rev01330,uV022,r003,NYC,2023-04-23,3.9
rev01331,uV023,r024,NYC,2023-06-22,5.0
rev01332,uV023,r008,NYC,2023-03-06,4.3
rev01333,uV023,r028,NYC,2023-10-20,4.1
rev01334,uV023,r025,NYC,2024-10-16,5.0
rev01335,uV023,r024,NYC,2024-04-21,4.3
rev01336,uV023,r011,NYC,2024-12-16,3.4
rev01337,uV023,r027,NYC,2023-11-03,3.9
rev01338,uV023,r003,NYC,2024-01-16,3.4
rev01339,uV024,r024,NYC,2023-10-26,4.0
rev01340,uV024,r032,NYC,2025-03-06,4.3
rev01341,uV024,r009,NYC,2023-07-27,3.7
rev01342,uV024,r008,NYC,2024-08-02,3.6
rev01343,uV024,r009,NYC,2023-04-13,3.8
rev01344,uV024,r012,NYC,2023-09-23,4.3
rev01345,uV025,r030,NYC,2024-03-27,4.7
rev01346,uV025,r008,NYC,2025-09-23,2.8
rev01347,uV025,r017,NYC,2024-03-30,2.8
rev01348,uV025,r030,NYC,2025-10-15,4.7
rev01349,uV025,r006,NYC,2024-05-06,2.8
rev01350,uV025,r029,NYC,2024-03-10,4.1
rev01351,uV025,r024,NYC,2023-05-17,3.6
rev01352,uV025,r025,NYC,2024-01-25,3.2
rev01353,uV026,r007,NYC,2023-05-28,3.9
rev01354,uV026,r019,NYC,2025-12-29,4.6
rev01355,uV027,r029,NYC,2025-05-07,3.9
rev01356,uV027,r027,NYC,2023-12-23,2.8
rev01357,uV028,r033,NYC,2025-09-02,3.8
rev01358,uV028,r027,NYC,2024-12-13,4.4
rev01359,uV028,r017,NYC,2023-04-19,3.4
rev01360,uV028,r028,NYC,2024-03-20,4.3
rev01361,uV029,r029,NYC,2024-05-01,4.2
rev01362,uV030,r034,NYC,2023-07-23,4.4
rev01363,uV030,r035,NYC,2024-09-07,4.2
rev01364,uV031,r006,NYC,2023-11-25,3.1
rev01365,uV031,r039,NYC,2023-03-13,4.8
rev01366,uV031,r010,NYC,2023-03-12,3.5
rev01367,uV032,r014,NYC,2025-10-13,3.6
rev01368,uV032,r015,NYC,2024-01-01,3.1
rev01369,uV032,r009,NYC,2023-12-06,3.4
rev01370,uV032,r006,NYC,2024-11-04,3.1
rev01371,uV032,r028,NYC,2024-11-05,4.1
rev01372,uV033,r002,NYC,2025-11-13,4.5
rev01373,uV033,r029,NYC,2025-11-30,3.4
rev01374,uV033,r023,NYC,2024-10-17,3.3
rev01375,uV033,r025,NYC,2024-04-21,5.0
rev01376,uV034,r026,NYC,2026-01-08,4.1
rev01377,uV034,r038,NYC,2024-08-17,3.7
rev01378,uV034,r005,NYC,2025-07-26,4.2
rev01379,uV034,r016,NYC,2025-12-08,3.9
rev01380,uV034,r017,NYC,2024-10-17,5.0
rev01381,uV035,r024,NYC,2023-07-21,4.6
rev01382,uV035,r016,NYC,2026-01-05,3.9
rev01383,uV035,r026,NYC,2024-08-07,5.0
rev01384,uV036,r018,NYC,2025-10-26,3.9
rev01385,uV036,r031,NYC,2024-10-09,4.6
rev01386,uV036,r026,NYC,2024-09-06,4.4
rev01387,uV036,r006,NYC,2024-08-15,4.3
rev01388,uV037,r022,NYC,2023-03-02,5.0
rev01389,uV037,r009,NYC,2024-08-06,3.6
rev01390,uV037,r015,NYC,2023-07-02,3.2
rev01391,uV037,r029,NYC,2024-11-16,4.5
rev01392,uV038,r015,NYC,2025-10-15,3.2
rev01393,uV038,r008,NYC,2024-04-22,4.7
rev01394,uV038,r007,NYC,2023-03-02,3.7
rev01395,uV039,r016,NYC,2023-09-25,4.0
rev01396,uV039,r032,NYC,2023-11-13,4.3
rev01397,uV039,r007,NYC,2023-07-05,2.9
rev01398,uV039,r021,NYC,2025-06-27,3.7
rev01399,uV039,r006,NYC,2025-12-12,4.3
rev01400,uV039,r013,NYC,2023-06-10,3.2
rev01401,uV039,r025,NYC,2024-03-10,3.6
rev01402,uV039,r017,NYC,2023-07-30,4.5
rev01403,uV039,r029,NYC,2024-08-16,4.9
rev01404,uV040,r024,NYC,2023-08-16,4.6
rev01405,uV040,r011,NYC,2024-02-22,4.1
rev01406,uV040,r028,NYC,2024-04-08,3.8
rev01407,uV040,r017,NYC,2025-03-13,3.4
rev01408,uV040,r006,NYC,2024-10-30,4.4
rev01409,uV040,r006,NYC,2023-10-31,3.4
rev01410,uV041,r019,NYC,2025-06-20,4.1
rev01411,uV041,r004,NYC,2025-09-26,4.3
rev01412,uV041,r042,NYC,2025-10-28,4.4
rev01413,uV041,r019,NYC,2023-08-22,4.5
rev01414,uV041,r041,NYC,2024-12-19,5.0
rev01415,uV041,r032,NYC,2025-05-02,3.8
rev01416,uV041,r032,NYC,2025-11-13,4.7
rev01417,uV042,r013,NYC,2025-11-09,3.6
rev01418,uV042,r038,NYC,2023-03-27,4.2
rev01419,uV042,r003,NYC,2023-06-14,4.4
rev01420,uV042,r025,NYC,2023-08-11,4.5
rev01421,uV042,r026,NYC,2025-10-26,4.5
rev01422,uV042,r026,NYC,2024-10-07,4.8
rev01423,uV043,r003,NYC,2024-07-18,3.4
rev01424,uV044,r024,NYC,2023-10-15,3.7
rev01425,uV044,r034,NYC,2024-12-24,3.5
rev01426,uV044,r016,NYC,2023-07-18,3.1
rev01427,uV045,r016,NYC,2025-04-04,5.0
rev01428,uV046,r015,NYC,2025-07-06,3.0
rev01429,uV046,r026,NYC,2023-06-29,4.1
rev01430,uV046,r014,NYC,2024-09-25,3.4
rev01431,uV046,r017,NYC,2023-06-12,4.4
rev01432,uV047,r020,NYC,2024-06-01,4.6
rev01433,uV047,r027,NYC,2024-10-01,4.7
rev01434,uV048,r027,NYC,2024-05-23,3.9
rev01435,uV048,r002,NYC,2024-10-22,3.5
rev01436,uV048,r014,NYC,2023-03-26,3.8
rev01437,uV048,r032,NYC,2025-10-17,4.1
rev01438,uV049,r035,NYC,2024-10-29,5.0
rev01439,uV049,r039,NYC,2025-02-08,4.4
rev01440,uV050,r029,NYC,2023-09-30,4.6
rev01441,uV050,r007,NYC,2024-10-28,4.0
rev01442,uV050,r009,NYC,2024-08-10,4.2
rev01443,uV051,r040,NYC,2023-04-07,4.2
rev01444,uV052,r009,NYC,2024-07-13,2.9
rev01445,uV053,r019,NYC,2024-10-12,4.4
rev01446,uV053,r013,NYC,2023-10-19,3.2
rev01447,uV053,r024,NYC,2024-11-26,3.9
rev01448,uV053,r018,NYC,2025-04-10,4.5
rev01449,uV054,r005,NYC,2025-08-30,4.3
rev01450,uV054,r028,NYC,2024-01-06,4.2
rev01451,uV054,r025,NYC,2024-07-11,4.4
rev01452,uV054,r039,NYC,2024-01-09,5.0
rev01453,uV055,r022,NYC,2025-08-12,4.3
rev01454,uV055,r028,NYC,2024-02-20,5.0
rev01455,uV055,r032,NYC,2024-04-11,4.5
rev01456,uV056,r030,NYC,2023-03-25,3.2
rev01457,uV056,r020,NYC,2024-06-17,4.6
rev01458,uV056,r007,NYC,2024-11-18,3.8
rev01459,uV056,r023,NYC,2023-05-12,4.9
rev01460,uV056,r013,NYC,2025-03-16,4.0
rev01461,uV057,r021,NYC,2024-12-20,4.1
rev01462,uV057,r028,NYC,2025-06-30,3.5
rev01463,uV057,r006,NYC,2023-04-26,3.5
rev01464,uV058,r008,NYC,2024-05-10,3.1
rev01465,uV058,r021,NYC,2023-12-26,3.9
rev01466,uV058,r035,NYC,2025-11-04,4.4
rev01467,uV058,r017,NYC,2025-10-15,5.0
rev01468,uV059,r005,NYC,2024-08-29,3.8
rev01469,uV059,r009,NYC,2025-12-02,2.9
rev01470,uV059,r042,NYC,2023-02-03,4.3
rev01471,uV059,r037,NYC,2024-06-13,4.8
rev01472,uV059,r016,NYC,2024-08-30,3.9
rev01473,uV059,r018,NYC,2023-08-31,4.1
rev01474,uV059,r020,NYC,2025-10-04,4.2
