Restaurant Name,"Safe Pick (1 -- Yes, 0 -- No)"
Cho Dang Gol,1
Quique Crudo,1
Master Huang,1
Mountain House,1
Osamil,1
IZAKAYA SEASUN,1
Take 31,1
Kame,1
Abuqir,1
Parksanbal,1
by Antidote,1
Oiji Mi,1
Adel's Famous Halal Food,1
Somtum Der,1
Thai Diner,1
Hainan Chicken House,1
Kwa Food Deep Fried Skewers,1
Fish Cheeks,1
NUBIANI,1
Rice Thief,1
Raku,1
konban NYC,1
Uka Omakase,1
Antidote,1
CheLi,1
WOKUNI,1
John's Of Bleecker Street,1
Lou Yau Kee,1
Gaonnuri,1
Rubirosa,1
Saigon Social,1
Hareubang Dol Gui,1
Saranrom Thai,1
Sushi 295 Mercer,1
Fat Fowl,1
Miss Lily's 7A Cafe,1
Casa Adela,1
Wonder Pig K-BBQ,1
Haidilao Hot Pot Flushing,1
Banh Anh Em,1
Fu Zhou Wei Zhong Wei Jia Xiang Feng Wei,1
Gao's Crab and Kabob,1
Chef Tan,1
Taku Sando,1
CHADA NYC,1
Scarr's Pizza,1
Lucia Pizza of SoHo,1
MOGMOG,1
Paulie Gee's Slice Shop,1
Izakaya Mew,1
Parm,1
Hahm Ji Bach,1
Mama Fina's,1
Renee's Kitchennette & Grill,1
Asian Jewels,1
SAPPEISAN,1
Soothr LIC,1
Jiang Nan NYC,1
Clinton St. Baking Company,1
Nan Xiang Soup Dumplings,1
Xi'an Famous Foods,1
7th Street Burger,1
The Commerce Inn,1
Son del North,1
ARIARI,1
Hanoi House,1
Taqueria Ramirez,1
Tenten,1
Wayan,1
Golden Diner,1
Kimura,1
1915 Lanzhou Hand Pulled Noodles,1
Kajiken Ramen,1
Soothr  ,1
Santa Halal Food,1
Daesung korean noodle,1
One Love,1
Kiki's,1
TONCHIN,1
Yunnan Rice Noodle House,1
Birds of a Feather,1
Shinka Ramen & Sake Bar,1
Susuru Ramen,1
MaLa Project,1
Tomo21 sushi,1
Breakfast by Salt's Cure,1
OKDONGSIK,1
Shuka,1
Cafe Mogador,1
KAL,1
Ainslie,1
Astoria Seafood,1
Olle,1
Shanghai You Garden,1
Laoma Malatang,1
THISBOWL,1
Ahui BBQ,1
Mama's TOO,1
RYNN,1
Din Tai Fung,1
Taste Good,0
BB Halal Food Inc,0
Hometown Hotpot & BBQ,0
Kikoo Sushi,0
Le Relais de Venise L'Entrecote,0
New Wonjo,0
Momosan Ramen & Sake,0
SEOUL SALON,0
Hot Peppers,0
Spring Shabu-Shabu,0
Tompkins Square Bagels,0
Utopia Bagels,0
Hi-Collar,0
Leon's Bagels,0
Sweet Chick,0
SAE RON,0
Hello Saigon,0
Marathon Hong Kong Diner,0
The Blue Light Speak Cheesy,0
Taiwanese Gourmet,0
Danny & Coop's Cheesesteaks,0
Federoff's Roast Pork,0
Wu's Wonton King,0
Parm Mulberry Street,0
Uncle Ray's Chicken Rice,0
Tavola Hells Kitchen,0
Nai brother,0
Apollo Bagels,0
Kong Sihk Tong,0
New Kim Tuong,0
Hamburger America,0
Master L Rice Noodle LIC,0
FER,0
Loong Noodles,0
Congee Village,0
Nowon East Village,0
DubuHaus,0
SIMO PIZZA,0
L'Industrie Pizzeria,0
Ichibantei,0
TOKUYAMATCHA & ONIGIRAZU BAR,0
Kisa,0
Serafina Italian Restaurant Meatpacking,0
Popup Bagels,0
Okiboru House of Tsukemen,0
YGF Malatang,0
LENWICH,0
Atoboy,0
Tim Ho Wan East Village,0
Tosokchon Restaurant NYC,0
Big Wong,0
PASTASOLE,0
C as in Charlie,0
MONO+MONO,0
Brooklyn Bagel & Coffee Company,0
LOS TACOS No 1,0
Electric Burrito,0
DORADO Tacos & Quesadillas,0
TUE THAI FOOD,0
Sashimi Express II,0
Tofu Story,0
Bangkok 2 Thai,0
Anytime Street St. Marks,0
Liu Liu Sheng Jian,0
Dunhuang Noodles,0
Cello's Pizzeria,0
Glaze Teriyaka,0
Angel,0
Chinese Tuxedo,0
Vert Frais,0
Okiboru House of Udon,0
Maxi's Noodle 3,0
Banh Mi Saigon,0
Thai for thought,0
Mista Oh,0
Darjeeling Kitchen & Cafe,0
Kelang,0
Bukhara Grill,0
Sao Mai,0
Court Square Diner,0
Ramen Ishida,0
DokoDemo,0
Queens Night Market,0
Farook Halal Food,0
Four Four,0
Her Name is Han,0
Little Ruby's,0
S'MAC,0
BCD Tofu House,0
Gotham Burger Social Club,0
Spicy Village,0
ME CHICKEN RICE,0
Summer Salt,0
Sathi,0
Wah Fung No. 1,0
99 Favor Taste,0
Nyonya,0
Hen House NYC,0
Salma,0
Kati Roll Company,0
West New Malaysia,0
South of the Clouds,0
886,0
Shu Jiao Fu Zhou,0
Urban Hawker,0
OBAO,0
Pocha 32,0
COQODAQ,0
Afternight BBQ,0
Seng Seafood,0
Prankhon,0
HOJOKBAN NYC,0
Ahgassi Gopchang NYC,0
Five Senses,0
CHILI,0
Jongro,0
uluh,0
Rule of Thirds,0
Ginger and Lemongrass,0
Vegan Grill Diner,0
Golden Lake Pavilion,0
Good Fortune,0
Gai Kitchen,0
Kat'z Delicatessen,0
UDON Lab,0
Populares,0
Bonchon,0
Pelican Chicken,0
Hou Yi Hot Pot,0
Curry House,0
Wok Wok,0
3 Times,0
Pommes Frites,0
Lanzhou Handmade Noodle,0
Gulp,0
The Bao,0
Cauldron Chicken,0
Pho Grand,0
COTE Flatiron,0
Two Hands,0
Let's Meat BBQ,0
Hungry Bowl Thai,0
Le Pecora Bianca NoMad,0
Sanmiwago,0
Marufuku Ramen,0
Sanuki Udon,0
LIC Food Hall,0
Bleecker Street Pizza,0
Lava Shawarma NYC,0
Prince Street Pizza,0
San Marzano,0
Kopitiam,0
Ho Foods,0
Eataly NYC,0
Tada,0
Artichoke Basille's Pizza,0
Kogane,0
Thai Villa,0
Go GO Curry,0
KENKA,0
Tonii's Fresh Rice Noodle,0
Sun Hing Lung,0
Silky Kitchen,0
Dim Sum Palace,0
Octo,0
Thai Market,0
Vanessa's Dumpling House,0
Empanada Mama LES,0
maman,0
Non La,0
Lao Ma Spicy,0
Chow House,0
Ootoya,0
Yumpling,0
Little Italy Pizza,0
Aria Wine Bar,0
Chongqing Lao Zao,0
Yu Xiang Yuan,0
Taiwan Pork Chop House,0
Kings Kitchen,0
Ippudo NY,0
Ivan Ramen,0
Teppen Ramen,0
Tofu Tofu,0
The Grey Dog,0
Bao by Kaya,0
Taiwan Bear House,0
Ramen Takumi,0
Spicy Moon,0
Kuu,0
Dim Sum Palace,0
