restaurant_id,num_reviews,avg_localness,pct_local_reviews,pct_tourist_reviews,local_weighted_rating,tourist_weighted_rating,tourist_penalty,adjusted_score,name,neighborhood,cuisine,city,google_place_id,address,total_score,review_count,image_url,url,p_safe_pick
r_003b63,50.0,0.1958473069630581,0.02,0.92,4.798613715333757,4.750595825611931,0.0,4.798613715333757,Gia's Pizza,Astoria,Pizza,NYC,ChIJsSZu3s1fwokRcwcAEia--lo,"41-02 Astoria Blvd S, Astoria, NY 11103",4.6,199,https://lh3.googleusercontent.com/gps-cs-s/AHVAwepYeewWRBimsBaQkTmBUcj46AK-G-8JdhJWDQ6mYV6gcLi7kQSGOrxxak1WraANY1HLGzAWzfF2fHNx3Cig9bF9j6w66rXdi4EboDUL8G_nh1Fi7bNylpYuY3KGMabWicWqtEVMloph9yd3=w426-h240-k-no,https://www.google.com/maps/search/?api=1&query=Gia's%20Pizza&query_place_id=ChIJsSZu3s1fwokRcwcAEia--lo,0.8652203979760068
r_009db9,50.0,0.22801719959080988,0.0,0.82,4.547738629883847,4.459992335733327,0.0,4.547738629883847,Yankee’s Pizza,East Bronx,Pizza,NYC,ChIJ3wNnje_0wokRUNuFVkXL1NE,"1599 Westchester Ave, Bronx, NY 10472",4.5,431,https://lh3.googleusercontent.com/gps-cs-s/AHVAweoWpyEziTkbUiMK1-RyvA6kwC_WO9KGpy8v88IOy0DkKfE01xLhM55oGTQXFYAIbDcj6TO_NEdtDv8-FPKF5mfn7M8CHE0GMiZm2DU9XWgXYr7uw9qX-uyRu3JzpVWai0GKR0Q=w408-h306-k-no,https://www.google.com/maps/search/?api=1&query=Yankee%E2%80%99s%20Pizza&query_place_id=ChIJ3wNnje_0wokRUNuFVkXL1NE,0.6973199660736458
r_01eed5,50.0,0.2269087985419324,0.0,0.86,4.073074845691682,4.34073428085024,0.26765943515855817,3.939245128112403,Daesung Korean Noodle,Flushing,Korean,NYC,ChIJ9eM_7DBgwokRj-RfOwEixog,"45-04 162nd St, Flushing, NY 11358",4.4,1037,https://lh3.googleusercontent.com/gps-cs-s/AHVAwerfkm_D8S-rQgTUcfWUOgmYz0arlLk7dubCvpNcVoYBUU5KLQZ0hxLOMeVt1eDdvnsWppT2DGfdFQicLxpCd6kE4U2DErWLH8zO_REnVrKpc3c5JH7tH6XuN6PyIH30_MDQWd-1=w408-h272-k-no,https://www.google.com/maps/search/?api=1&query=Daesung%20Korean%20Noodle&query_place_id=ChIJ9eM_7DBgwokRj-RfOwEixog,0.29008015756900973
r_062312,50.0,0.19692016374698887,0.0,0.94,4.493048056432137,4.501704659741093,0.008656603308955901,4.488719754777659,Ljubo's Pizza,East Bronx,Pizza,NYC,ChIJrdNs3rL0wokR3iiLWc1_n9k,"15 Westchester Square, Bronx, NY 10461",4.5,463,https://lh3.googleusercontent.com/gps-cs-s/AHVAweqJ0vDXK2HusEgCcItuia7BIqO5AJgJMAsT7ojMxyEqfGaqpQ_yUpWE8PiLRNppDwHiGKO-3A27umkjMJvIguveyBGO3ZjkPdCQoGvNdUSX_TbcbQ7X4oyGwMHiLV8u8fP5ysxFWdneQJ20=w408-h882-k-no,https://www.google.com/maps/search/?api=1&query=Ljubo's%20Pizza&query_place_id=ChIJrdNs3rL0wokR3iiLWc1_n9k,0.6578210473071625
r_0762e3,50.0,0.38225501765473907,0.0,0.56,4.903729190460912,4.800564952333125,0.0,4.903729190460912,Yoi Sushi,Flushing,Japanese,NYC,ChIJpVEIhQ5gwokROalRaxDmH3U,"133-22 39th Ave, Flushing, NY 11354",4.6,1329,https://lh3.googleusercontent.com/gps-cs-s/AHVAweqeKEUK-GmnLhbPfFnFmMiTk4gGksaGmJKE6Zx64f5XmDnpsGthGNLWm5N1wYXpjD63KWcIxNanWEYkaZ8ABVmhA7NiVdc2-xeJ0by2Vgomn_LWTG6PdEVzvZcBCKaMBkraKcsR=w408-h306-k-no,https://www.google.com/maps/search/?api=1&query=Yoi%20Sushi&query_place_id=ChIJpVEIhQ5gwokROalRaxDmH3U,0.9355698854184138
r_0a498d,50.0,0.22078042340898305,0.0,0.88,4.424913584381102,4.341607689186464,0.0,4.424913584381102,JiBeiChuan Noodles(Flushing)季北川花胶汤米粉 (法拉盛店),Flushing,Chinese,NYC,ChIJA4PaHX9hwokRJiJK0tEIfJs,"38-10 Prince St, Flushing, NY 11354",4.7,788,https://lh3.googleusercontent.com/gps-cs-s/AHVAwepjuUmsGpxYI-tX_AqA4SKlTcIvIXl2HU1LhA3cKyy6yRz_n3LPt03jdpEx5C1FcVXLcTAtILw-GDE_ENW3BmYSTyJEB4h7mRxgUhnf4m8U0LMW9aRnhZkXcYJmY9Mc78mx6tpL=w408-h725-k-no,https://www.google.com/maps/search/?api=1&query=JiBeiChuan%20Noodles(Flushing)%E5%AD%A3%E5%8C%97%E5%B7%9D%E8%8A%B1%E8%83%B6%E6%B1%A4%E7%B1%B3%E7%B2%89%20(%E6%B3%95%E6%8B%89%E7%9B%9B%E5%BA%97)&query_place_id=ChIJA4PaHX9hwokRJiJK0tEIfJs,0.6151181876413447
r_0c0d7d,50.0,0.17196387421794362,0.02,0.96,4.742020507733717,4.691273316366879,0.0,4.742020507733717,Veranda,Bayside,American,NYC,ChIJeQ7OPtxhwokR0NbauaysWDM,"208-01 Northern Blvd, Bayside, NY 11361",4.4,826,https://lh3.googleusercontent.com/gps-cs-s/AHVAwerIh4SaoDNUuh4aQcZfuNb9XZeIhyxBzjnGiyYeavqI5VN_vXwatArRk583_0gITalneViHsEouEIXqnqe3tEQ7jG4Fsyja1Lhr8KG2WA_8zbs_kxCLpMJWX66_bWMPaqeN0-45=w408-h306-k-no,https://www.google.com/maps/search/?api=1&query=Veranda&query_place_id=ChIJeQ7OPtxhwokR0NbauaysWDM,0.827344879242267
r_0d4ff1,50.0,0.1724310643580269,0.0,0.98,4.261957151132782,4.2354250398038955,0.0,4.261957151132782,Noodle Lab,Flushing,Restaurant,NYC,ChIJX8lw3OCLwokR2VnRgHWPVr0,"25-79 Francis Lewis Blvd, Flushing, NY 11358",4.3,154,https://lh3.googleusercontent.com/gps-cs-s/AHVAweq3istyEfSVpOhZ6PjbbMN-KRLN4v74awX2xnQrEEAUQQEjpzZdzoZvh8zwLleqh9LbZTK-WPksx28ZR_JNa_IullxOzUc7TufrWSPLkyasdhqW5dPAdsn9_7XSl9G6IP05f1dN=w408-h306-k-no,https://www.google.com/maps/search/?api=1&query=Noodle%20Lab&query_place_id=ChIJX8lw3OCLwokR2VnRgHWPVr0,0.5060581130843436
r_118839,50.0,0.24419518144765476,0.0,0.82,4.700763690978105,4.69975325685628,0.0,4.700763690978105,Tampopo Ramen,Manhattan,Japanese,NYC,ChIJFxsXmaD2wokRfqXPG2eCyDY,"1 Bennett Ave, New York, NY 10033",4.5,1250,https://lh3.googleusercontent.com/gps-cs-s/AHVAwepVWkrZcPHEc2pcc9BSg9nAdazqgBvMK7aybw22TBBA8VWiHUsgglvF2nwhApPEDNax0LuWkUiXwy-xjVyD6trOP7Fg51IlSrx_aqQaySjq0F0wCbBuOzBWfq9gcR1BiMZoIV8=w408-h408-k-no,https://www.google.com/maps/search/?api=1&query=Tampopo%20Ramen&query_place_id=ChIJFxsXmaD2wokRfqXPG2eCyDY,0.7997333795201595
r_148f5a,50.0,0.2280108210716517,0.0,0.86,4.582018698161339,4.398054075291255,0.0,4.582018698161339,Emilio's Pizza,East Bronx,Pizza,NYC,ChIJDWUavz2LwokR4gZL2WX_umY,"3843 E Tremont Ave, Bronx, NY 10465",4.4,465,https://lh3.googleusercontent.com/gps-cs-s/AHVAwer53g9djORfqpFwrM_IkBkFzX16caJssEYph9bZ7s6A6kV-eZypvzsxrv-gKH-BA7OMPGQ_dDF_l-cwnz2n1fpBQr2DeRXh3-vWWK6S4opZRxXq4gOznPt-AoHOJRrQGYwRAZB8=w507-h240-k-no,https://www.google.com/maps/search/?api=1&query=Emilio's%20Pizza&query_place_id=ChIJDWUavz2LwokR4gZL2WX_umY,0.7202622134439312
r_15d3a9,33.0,0.2128603266494279,0.0,0.9393939393939394,4.267671012124948,4.620573480053127,0.35290246792817914,4.091219778160859,Hunan Noodle,Bayside,Restaurant,NYC,ChIJkXbF9p5hwokRuv_LbM1BPGg,"43-15 Bell Blvd, Bayside, NY 11361",4.5,33,https://lh3.googleusercontent.com/gps-cs-s/AHVAwerbbQgz_31ZNs5MPcUw8Wuq81EPByCC3VW_s2Vzzg2U31K7L4StInNJbiYh6-Eqt47H_mSuUziYlJ6NzsPpYyhmJlHhshTKqNRy6AmzN4Y2taGRyyaDtuJE2xCiKn_fQHBR9NMrRgeKvxKR=w408-h725-k-no,https://www.google.com/maps/search/?api=1&query=Hunan%20Noodle&query_place_id=ChIJkXbF9p5hwokRuv_LbM1BPGg,0.39179057387274674
r_181628,25.0,0.22156296321520993,0.0,0.96,4.7291966169376405,4.820152442157368,0.09095582521972734,4.683718704327777,胖土豆砂锅米线土豆粉fat potato noodles,Flushing,Restaurant,NYC,ChIJGUwTD0hhwokRJ6Hzk-8pGdo,"37-11 Main St #7FC, Flushing, NY 11354",4.8,25,https://lh3.googleusercontent.com/gps-cs-s/AHVAweqd_2mvqVe29wQLqmUp7RPpowgvwXOzh_8G4GFDIO5w4-9bX7CIpn9mAXb3bWz0uRM8F7TJZHG888F2rgIjCvQr7TPTh6Cj12Tk_n3wqzFB_9BMANm8VPNghZrumapHBavrqO3QOeLMNirR=w408-h544-k-no,https://www.google.com/maps/search/?api=1&query=%E8%83%96%E5%9C%9F%E8%B1%86%E7%A0%82%E9%94%85%E7%B1%B3%E7%BA%BF%E5%9C%9F%E8%B1%86%E7%B2%89fat%20potato%20noodles&query_place_id=ChIJGUwTD0hhwokRJ6Hzk-8pGdo,0.7883258672308158
r_1cb461,30.0,0.21099136682133846,0.0,0.9333333333333333,4.804195157671479,4.629889725231846,0.0,4.804195157671479,The Noodle Way,East Bronx,Restaurant,NYC,ChIJy16kHh-LwokRssupNDYj--k,"3552 E Tremont Ave store 3, Bronx, NY 10465",4.7,30,https://lh3.googleusercontent.com/gps-cs-s/AHVAweq3GsPplzv119Oc3OvHA84YIOKriitpZqBGnbJDKTKcQeFg0oXUnXwRfjkLjm5kXjQBB4a1kJ-ibT5pV7LZwulhGuYUuEogTj9Xa74DYKqypQL2my7EQ8hrA8OcfLRI8FX_mlCvwOwHT9Uy=w408-h268-k-no,https://www.google.com/maps/search/?api=1&query=The%20Noodle%20Way&query_place_id=ChIJy16kHh-LwokRssupNDYj--k,0.8689558290071955
r_1ceab5,50.0,0.3159509006485283,0.0,0.72,4.578610941909323,4.434453246207636,0.0,4.578610941909323,Sugar Restaurant,West Bronx,Restaurant,NYC,ChIJEQ7GGTj1wokRPTSSOZSVons,"1010 Southern Blvd, Bronx, NY 10459",4.7,1603,https://lh3.googleusercontent.com/gps-cs-s/AHVAwer2zX6U_m95zLfsmrcJ88AyzO8a_usedHeI__KuRU7lXb9Fr-V57JUoAYoUnGBZne0cEKL1OSj5Nr6Kmf6SYyFWpIfvHghT7Qas7SqytEEyDzXRvZz_saTSw4XDD6g-kmAr6Zjl=w408-h306-k-no,https://www.google.com/maps/search/?api=1&query=Sugar%20Restaurant&query_place_id=ChIJEQ7GGTj1wokRPTSSOZSVons,0.7179815415888311
r_1dee11,50.0,0.29761794299450556,0.0,0.68,4.96619310529364,4.9289012852188065,0.0,4.96619310529364,Pita Yeero,Manhattan,Mediterranean,NYC,ChIJATED-k9ZwokR3tWBQgpuYCQ,"1229 1st Ave, New York, NY 10065",4.8,176,https://lh3.googleusercontent.com/gps-cs-s/AHVAweoU9KARSTrroGkISjSvQoCNaAn2qBHs4Lv3NVYHYrN7_UWhcpWOgGzQnMA0HEMNUD8QIfrhlneFI9AOf-8EdzXp3By2FwCi7jN8EYkY0NA6gCYfc7uC85ePY4G7-lTbkwJcHzNIRscEaKY_=w408-h544-k-no,https://www.google.com/maps/search/?api=1&query=Pita%20Yeero&query_place_id=ChIJATED-k9ZwokR3tWBQgpuYCQ,0.9773744283443047
r_1e1fd6,50.0,0.19564278081644954,0.0,0.94,4.564437428189447,4.50919154100197,0.0,4.564437428189447,Mochiron Izakaya,Long Island City,Japanese,NYC,ChIJOV_brMFfwokRLBtLLaAAslM,"34-18 30th Ave., Long Island City, NY 11103",4.6,395,https://lh3.googleusercontent.com/gps-cs-s/AHVAweqLfTRw9YGDPOZJoa3W6qtvICoAlA9iJQgsTxSXw9_74dWzYyFfx0yeilz4h1ADTPbZ6i6kI_SAt3u1N-fLh8xB2_IqzDeGxB6IcYmYlYvVE_E2VT4Cu_fkaFknWSrFnG0Xr5o=w408-h306-k-no,https://www.google.com/maps/search/?api=1&query=Mochiron%20Izakaya&query_place_id=ChIJOV_brMFfwokRLBtLLaAAslM,0.7084957886657242
r_23a1b0,50.0,0.24135433792570482,0.0,0.82,4.877851406736289,4.748869707336938,0.0,4.877851406736289,Tabata Ramen,Manhattan,Japanese,NYC,ChIJ1QTJtlJYwokRyrkOo1ZG2xg,"1435 2nd Ave, New York, NY 10021",4.4,1520,https://lh3.googleusercontent.com/gps-cs-s/AHVAwerWDotWptTw5a9nYAJyU3-cFhwfz5CYF-By9koOicHmLIQSr6B4oLz2xHnKiROkkQCkE59-fFZJOZdizgPZkXIKIGu_qGGCVkwah1LbonHO1mIkdWkwgr82xtSZwrbPldFGrMjbAX8qPsAV=w408-h512-k-no,https://www.google.com/maps/search/?api=1&query=Tabata%20Ramen&query_place_id=ChIJ1QTJtlJYwokRyrkOo1ZG2xg,0.9182509433789993
r_253f45,50.0,0.23708721666612104,0.0,0.82,4.419872100128446,4.73462354369741,0.314751443568964,4.262496378343964,Eat it,Astoria,Middle Eastern,NYC,ChIJS-GN3oVfwokRTnbiQv0q-q0,"33-01 30th Ave., Queens, NY 11103",4.8,403,https://lh3.googleusercontent.com/gps-cs-s/AHVAwerq2Yrz4unUqVRjFkG9kTnbx0wP4CuL23E7kFdKAnByS8T1ShAdIx7rgUhLpEKXMlPolaT4swDEkpPdsdcvRELv_SAZtOOWzSViue464mcVQxxkRoxZeUoQtbWJNnCN3r93RYr2jxQXh7A=w408-h538-k-no,https://www.google.com/maps/search/?api=1&query=Eat%20it&query_place_id=ChIJS-GN3oVfwokRTnbiQv0q-q0,0.5064189957980998
r_293e2e,50.0,0.23203185146265543,0.0,0.86,4.496380242674174,4.422965423607061,0.0,4.496380242674174,NIPPON CHA | Bayside Restaurant,Bayside,Japanese,NYC,ChIJex1L_99hwokR0LrJMd8cexQ,"39-34 Bell Blvd, Bayside, NY 11361",4.5,1256,https://lh3.googleusercontent.com/gps-cs-s/AHVAweqEy1akntP_arXVTZXZSaU5c6eUetmLduHCFCU33SbvupZ5oRZS5d9eeyl79IKlEn6MT30TfZsSPLUQMCCBjCtx-iUHDDR_BSwrgwhPJG7vcPb_PmzlQz8ILqZbKUxCwGneZk4=w408-h306-k-no,https://www.google.com/maps/search/?api=1&query=NIPPON%20CHA%20%7C%20Bayside%20Restaurant&query_place_id=ChIJex1L_99hwokR0LrJMd8cexQ,0.6629478984813282
r_2b5202,50.0,0.21197873557533436,0.0,0.88,4.5588650909206,4.636445369320872,0.07758027840027193,4.5200749517204635,Bigoi Venezia,Manhattan,Italian,NYC,ChIJgdnYQcBYwokRDEGzKagrEfE,"1415 2nd Ave, New York, NY 10021",4.8,817,https://lh3.googleusercontent.com/gps-cs-s/AHVAwep74zflZcb772trccKsgPJ1yqx7Lm1EODU2OOTnWlhCLFZGZya-DEXcZaFbmLcexEH4f81a2GEbk8SYSfzSZUkh3sESNxZwi_N-rq-rAsRb9-9ejtZSUn10z-7lcifzSWPcdYjBRQVz2bk=w408-h510-k-no,https://www.google.com/maps/search/?api=1&query=Bigoi%20Venezia&query_place_id=ChIJgdnYQcBYwokRDEGzKagrEfE,0.6788057979436766
r_2f36e1,50.0,0.38416314375279886,0.0,0.52,4.8652916063356155,4.92165132776556,0.05635972142994472,4.837111745620643,Brooklyn Dumpling Shop,Manhattan,Chinese,NYC,ChIJ4Y4cuP9ZwokRGZzQkA4znvM,"453 E 78th St, New York, NY 10075",4.6,443,https://lh3.googleusercontent.com/gps-cs-s/AHVAweoNuhGkwVWNGCAkP4tqabCo7DV2quqxVenj5msvNe1Qx3gpzBklY4KI2gUjT7NH1Cxq_RmpR3Z_AyaDeghmY0w5dtKYGTdo5fKiTWOw0JOZmTsW-tmSe57CRQQKDVS0so00LhbcWJDubQy2=w408-h306-k-no,https://www.google.com/maps/search/?api=1&query=Brooklyn%20Dumpling%20Shop&query_place_id=ChIJ4Y4cuP9ZwokRGZzQkA4znvM,0.8909855547709363
r_3336cd,50.0,0.18753369207324194,0.02,0.92,4.704246134284329,4.748252716916546,0.044006582632216684,4.68224284296822,Falafel Plant,Manhattan,Mediterranean,NYC,ChIJu8mwEWVZwokRFdL8wisT82g,"TurnStyle Underground Market, 1000S 8th Ave #21, New York, NY 10019",4.8,119,https://lh3.googleusercontent.com/gps-cs-s/AHVAweoOntXSJLzEk-tYqBzGh15D3KdRaMTw_xWjNDm6LpPt3kNZmtowxchE1kLDkYzXyJvQDxpajUdjMQUDG0O-NdOELjRPyhQv4C7cX-mLLeVDibZQaC-RfBQ5_eRmUG-6hdQsqy-lvflJmnXh=w408-h298-k-no,https://www.google.com/maps/search/?api=1&query=Falafel%20Plant&query_place_id=ChIJu8mwEWVZwokRFdL8wisT82g,0.7873381335973493
r_379bae,50.0,0.18578382499891355,0.0,0.96,4.397699881733908,4.5970328393061095,0.19933295757220115,4.298033402947808,NR,Manhattan,Japanese,NYC,ChIJI-2bjOdZwokR5AzUpeF6Re8,"339 E 75th St, New York, NY 10021",4.6,831,https://lh3.googleusercontent.com/gps-cs-s/AHVAwerFEJvYinBkFTUKe4G82WhU-jEHjXq4FPj0T2Yh_aMjgWSk_pcNzVyGPAmGcsgYCZJghRhMW8AL35stQc8aTw_peddzGFGs0W_2HL0v3d2RaWCpnIGqIQKdMkN3tjduW8Ys_p2R=w408-h272-k-no,https://www.google.com/maps/search/?api=1&query=NR&query_place_id=ChIJI-2bjOdZwokR5AzUpeF6Re8,0.530202472618087
r_37b9c4,50.0,0.2800896923166025,0.02,0.64,4.674624882668508,4.725306513495565,0.050681630827057234,4.649284067254979,Yozi 游子老鸭粉丝馆,Flushing,Chinese,NYC,ChIJMcjdDxJgwokRLizZIDSUPAc,"41-28 Main St, Flushing, NY 11355",4.5,92,https://lh3.googleusercontent.com/gps-cs-s/AHVAweqxXp2Si8g_SFoRVqeJKcra2ihZRuXVLH8oazCICl_hd6Fu0UtVFfQscsriomcaX9t6qn4Sota5blV2CslIv13tRaop_y8hTJRD2Feo6il3Gf3x6AZvBD4Ifr0gqnL3By9ez_cncGMkclHC=w408-h306-k-no,https://www.google.com/maps/search/?api=1&query=Yozi%20%E6%B8%B8%E5%AD%90%E8%80%81%E9%B8%AD%E7%B2%89%E4%B8%9D%E9%A6%86&query_place_id=ChIJMcjdDxJgwokRLizZIDSUPAc,0.7652801732889268
r_384fa8,50.0,0.2725648124788178,0.0,0.74,4.09724444744263,3.853587760932028,0.0,4.09724444744263,Emperor Dumpling－帝皇饺子,Manhattan,Chinese,NYC,ChIJ2d7DMQBZwokRy1ZGZBSOy9A,"1396 Madison Ave, New York, NY 10029",4.2,79,https://lh3.googleusercontent.com/gps-cs-s/AHVAweqqt5KirLw_20J7mZYsH-bUVQkfNPtPra4lxYjS2vT-L9ZcsuxKOIsYBcl2P95PjiPK-eYR1Vt1rtQ2Z8_MiaG2yhZzpIKw-MU4dKdxjE4QLP3yUGBYSTKudr4GY4ZTxTgq2NwAFYuFVkIJ=w408-h272-k-no,https://www.google.com/maps/search/?api=1&query=Emperor%20Dumpling%EF%BC%8D%E5%B8%9D%E7%9A%87%E9%A5%BA%E5%AD%90&query_place_id=ChIJ2d7DMQBZwokRy1ZGZBSOy9A,0.395822638566075
r_393119,50.0,0.21108726152908125,0.0,0.92,4.555425748229112,4.637277959027541,0.08185221079842897,4.514499642829898,Porto Salvo,Melrose,Pizza,NYC,ChIJx-zorsr1wokR5a-0j2bBtPI,"424 E 161st St, Bronx, NY 10451",4.6,879,https://lh3.googleusercontent.com/gps-cs-s/AHVAweqbwHCIFIUIfTwWfoOf0aW3LanDvaLQiTBCL5-i6pwQkEHB7e5vg0R2RmnZjv6zDTiRFzfX3-qHXRd1_K3cAtxnuMxQJeQpFaNbCJ3XSVsFKNS8JfeJn5gUW59kVPwnUUmUsRyI=w426-h240-k-no,https://www.google.com/maps/search/?api=1&query=Porto%20Salvo&query_place_id=ChIJx-zorsr1wokR5a-0j2bBtPI,0.6750744717777628
r_3a6c35,50.0,0.20082721553911648,0.0,0.92,4.634435204891507,4.541294889882256,0.0,4.634435204891507,Duzan,Long Island City,Mediterranean,NYC,ChIJhTGR_D5fwokRiLZx_ChoguU,"24-11 Steinway St, Long Island City, NY 11103",4.3,2287,https://lh3.googleusercontent.com/gps-cs-s/AHVAwepJvRN9KMTXIMA-KPTjiV4xDu0KZGQOqS5OI_9sZNxcnKHXUcD2hjgIfeo4NQFg3VgL5J85v6-nk4K1gLjA1sidU8KpPCt7jw7FLJNk8TV3imNc8BkO_FqFJJID-hy7E5ReNSyzsNkoK5U=w408-h263-k-no,https://www.google.com/maps/search/?api=1&query=Duzan&query_place_id=ChIJhTGR_D5fwokRiLZx_ChoguU,0.7553424371457997
r_3a799e,50.0,0.24757191310206367,0.0,0.78,4.744905337781835,4.499160473918299,0.0,4.744905337781835,ASAP Pizza Spot- Best pizza Astoria,Astoria,Pizza,NYC,ChIJW_ebm2RfwokRwYLy7r6qpMI,"37-05 28th Ave, Astoria, NY 11103",4.7,192,https://lh3.googleusercontent.com/gps-cs-s/AHVAweqy4XMlxeqMdLi0_XdagEBXQzkwoBF_46Ccmxu_zO_rxABWtVblCdpJgjczfX2pIQashu56Ib1KxyGCh9dwDAhpVTwP7xNUeKrdB84p8z3YdQdI6J9Kpamel6iX0Q970z4SeGry=w408-h544-k-no,https://www.google.com/maps/search/?api=1&query=ASAP%20Pizza%20Spot-%20Best%20pizza%20Astoria&query_place_id=ChIJW_ebm2RfwokRwYLy7r6qpMI,0.8292755779809446
r_3a9e3c,50.0,0.2440747785991919,0.0,0.82,4.843565081156876,4.838848898846847,0.0,4.843565081156876,Lava Rock Kitchen,East Bronx,Italian,NYC,ChIJYZtTKRf1wokRhIdo4iq_o1o,"2119 Starling Ave 2nd Floor, Bronx, NY 10462",4.6,231,https://lh3.googleusercontent.com/gps-cs-s/AHVAweq7v5o7ZqwRAK5WPiB5RxDBZtD_0r1U2ImgpzlCyBkB8T_0STiwTkZUUvN5CiP468oCBFk3MqNEN6-1brziiJfE8YSpCST8CvZWpyjRzK22g3XDbESnRKNHEp82o7bF8dCDsYkA=w408-h256-k-no,https://www.google.com/maps/search/?api=1&query=Lava%20Rock%20Kitchen&query_place_id=ChIJYZtTKRf1wokRhIdo4iq_o1o,0.8953045082525116
r_3bcd74,50.0,0.21373275958177776,0.0,0.86,4.402197606865586,4.4757125521196555,0.0735149452540691,4.365440134238552,La Salle Dumpling Room,Manhattan,Chinese,NYC,ChIJ0_o810H2wokRgUHFkZjZEmw,"3141 Broadway, New York, NY 10027",4.3,612,https://lh3.googleusercontent.com/gps-cs-s/AHVAweodjQs8vZE7Ppc8hBJDQKr_mxCsYgz4y8Oi2nwzgXA22AvDjdMVS0W-tF3Z0kW3JjRJ0B1-FZEaz6aQHI6MTRiMlMzZ1BgsCXrSUIfib-C8IdjgFuJoglTE-mEJa8O2MuEgnJDb6A=w408-h544-k-no,https://www.google.com/maps/search/?api=1&query=La%20Salle%20Dumpling%20Room&query_place_id=ChIJ0_o810H2wokRgUHFkZjZEmw,0.5753150403987648
r_3c116f,50.0,0.21651317393003042,0.0,0.92,4.724481738221569,4.846396055859247,0.12191431763767824,4.66352457940273,Ooodles Noodle House 寶島美食 Taiwanese Eats,Bayside,Chinese,NYC,ChIJr_Aqzm9hwokRsgXzIikOHDA,"215-05 Northern Blvd #2, Bayside, NY 11361",4.6,197,https://lh3.googleusercontent.com/gps-cs-s/AHVAwepOwYCsgoEU-6ER8SmbDOrIyTmDnEVSe-w28aQrtPkD3UzuSoFtErbOn3IYVPwdBup0LQw40SY3a5Wz-ak0AF2ScgLHl5KRqh1lT9Z6z41wAG9us_gYG1KJD3WnmyxZ-z_5PxMSkw=w408-h272-k-no,https://www.google.com/maps/search/?api=1&query=Ooodles%20Noodle%20House%20%E5%AF%B6%E5%B3%B6%E7%BE%8E%E9%A3%9F%20Taiwanese%20Eats&query_place_id=ChIJr_Aqzm9hwokRsgXzIikOHDA,0.7748107655190412
r_40c2a0,50.0,0.18080546454576715,0.0,0.94,4.30979511940688,4.029281627847197,0.0,4.30979511940688,Tamashii Ramen,Astoria,Ramen,NYC,ChIJB8hMy4tfwokRAhBkt1E-iBA,"29-05 Broadway, Astoria, NY 11106",4.5,630,https://lh3.googleusercontent.com/gps-cs-s/AHVAwerEK152BkNzz8eJVAwqALNHDefeIPiSYeW4qBYIKHx_Zs53ds1HBg4_OflUpJflPD35oZvXV7gsfweFzLAALRTULmGHM0GmOXeEjkq8eIzkkcYZa5VwuyIDg22imhsxYPxFIMNlgg=w408-h307-k-no,https://www.google.com/maps/search/?api=1&query=Tamashii%20Ramen&query_place_id=ChIJB8hMy4tfwokRAhBkt1E-iBA,0.5380741082962567
r_40dbd3,50.0,0.19670972076387042,0.0,0.94,4.578492970128548,4.455881041820131,0.0,4.578492970128548,Lava Shawarma,Manhattan,Middle Eastern,NYC,ChIJiTDLmplZwokR2zzmWDAd7zU,"1640 3rd Ave, New York, NY 10128",4.4,213,https://lh3.googleusercontent.com/gps-cs-s/AHVAweqtSiVvqL8jAGFGyoSpy2wD5Zxfe9E2H5mohuQrhq6-Jy5DMehPW9nV1ZgKKR1cj4jDwgS3x2wX80HWK-n3UEjaKBnzCFcHVL8l-rrnfFhs7FDGQqJjd-hAoiIMPdeeDLqDCW8zshme3m4=w408-h544-k-no,https://www.google.com/maps/search/?api=1&query=Lava%20Shawarma&query_place_id=ChIJiTDLmplZwokR2zzmWDAd7zU,0.7179025879019437
r_42540c,50.0,0.24920112136598102,0.0,0.86,4.680119363517859,4.679960381503826,0.0,4.680119363517859,Hacienda Agave,West Bronx,Mexican,NYC,ChIJI8z61xb1wokRdCyYtXD1Ghk,"496 E 138th St, Bronx, NY 10454",4.7,147,https://lh3.googleusercontent.com/gps-cs-s/AHVAweou6AaRbjPIT0XHkVJAuK5ddIplaNxc-vnkccR6a5PCOSeRY0wSBeaJLbK4cn6IzXRZcCa8OYWwGRzVQVOcwcbwKm0WhrHGz98ZTfC-Xc_B634r5ueAABR-dVJBFvTT2OM5y7zd=w408-h544-k-no,https://www.google.com/maps/search/?api=1&query=Hacienda%20Agave&query_place_id=ChIJI8z61xb1wokRdCyYtXD1Ghk,0.7859169756684459
r_448982,50.0,0.19859793186582902,0.0,0.64,4.487030444287211,4.378432715696573,0.0,4.487030444287211,Country Bay Pizza,East Bronx,Pizza,NYC,ChIJ___PFV6LwokRrjScJYclyHw,"3233 Ampere Ave, Bronx, NY 10465",4.5,67,https://lh3.googleusercontent.com/gps-cs-s/AHVAwepa_AWhG-rhLy8wlPUeuNFOHlrxlF75neQAcxtaHm99lNGNqZTTZ_Gu60sSF4hADtMTbv5-pt6wHp2ScToOGXx_eu5qMMBpOJj4JQHew1q5wUOOS9zBdmDcZ3deMCdx2jpuiG7t=w408-h484-k-no,https://www.google.com/maps/search/?api=1&query=Country%20Bay%20Pizza&query_place_id=ChIJ___PFV6LwokRrjScJYclyHw,0.6566904609021609
r_44d68c,50.0,0.23905807102147134,0.0,0.84,4.852978324486013,4.8359227201202035,0.0,4.852978324486013,Sugoi Ramen & Izakaya,Manhattan,Ramen,NYC,ChIJOXYs3_X3wokRlWmLcclMwO8,"1621 Lexington Ave, New York, NY 10029",4.9,91,https://lh3.googleusercontent.com/gps-cs-s/AHVAweqkeDSee69rdH3rM0uzpWgw_I6fpJ3K9c9wTUlOtu2-kVPWu7Xg6nPsygIWhUW_ueDYHfSvFfbFfPAYaX3AxZjoliF9f5NEwlYKo0IHtxaou7JCnNShGjfgOJrihWbQ_d0AYNBjsUwu_BCf=w408-h510-k-no,https://www.google.com/maps/search/?api=1&query=Sugoi%20Ramen%20%26%20Izakaya&query_place_id=ChIJOXYs3_X3wokRlWmLcclMwO8,0.9016044069360729
r_46634a,50.0,0.19003519351814988,0.0,0.94,3.9225208811155285,4.3391798719553165,0.41665899083978797,3.7141913856956346,Maxi's Noodle,Flushing,Chinese,NYC,ChIJl6PN951hwokRsN4kn0ZU0po,"135-11 38th Ave, Flushing, NY 11354",4.3,778,https://lh3.googleusercontent.com/gps-cs-s/AHVAweoEfE8THT86jGd7LxWMK7jhRcBfYStyud0oq-x2fzW_sv-HKKUNu4jSfJHerbECdlVNcLzaeDcqImryTEwyJZblQNhvlI_QCvmtB2MPsouPESgLItxoHlubnOQDoZcixrLdjZArjw=w408-h306-k-no,https://www.google.com/maps/search/?api=1&query=Maxi's%20Noodle&query_place_id=ChIJl6PN951hwokRsN4kn0ZU0po,0.13946089426012825
r_473f9d,50.0,0.23237340806296453,0.02,0.84,4.615133784344703,4.673581753873847,0.05844796952914422,4.585909799580131,Dakota's On The Cove,East Bronx,Seafood,NYC,ChIJGfMswIuLwokREBZCxHNbt7U,"3154 Harding Ave, Bronx, NY 10465",4.6,145,https://lh3.googleusercontent.com/gps-cs-s/AHVAweokI8axVRs3O3iQJburfLCBHKEC67EBH5mBghxC-4HGYaS3rK5iof7yNH3ZlOKYQ5Q9o8MpOFNNhwd-6_0_KB0hbmJyp0mSyWJwP6S7WpAW_IIupZJr3Ik1dT9_Aw4AF1on3-tE=w408-h306-k-no,https://www.google.com/maps/search/?api=1&query=Dakota's%20On%20The%20Cove&query_place_id=ChIJGfMswIuLwokREBZCxHNbt7U,0.7228663684464872
r_4d11f1,50.0,0.21300577509356938,0.0,0.9,4.820208442120198,4.794530436512724,0.0,4.820208442120198,Mojitos,Jackson Heights,American,NYC,ChIJJ1gMKadfwokRZHzqWJeEf0I,"81-01 Northern Blvd, Jackson Heights, NY 11372",4.8,2237,https://lh3.googleusercontent.com/gps-cs-s/AHVAweqhM5h_Z5qW912L8JxOPwanAKHNLopDWbL64Drp-t7q_2IFnF0S0sPhMw3L5fTNRpylWx8H8a3GZWz8Dp65-ML-gQAlKWTuVbR-MsQKLXdjNYVxXdn-FCsOXNdDQeSyZxZ7nZdtoLa4lxHo=w408-h544-k-no,https://www.google.com/maps/search/?api=1&query=Mojitos&query_place_id=ChIJJ1gMKadfwokRZHzqWJeEf0I,0.8796728652178402
r_4d533d,50.0,0.3568419763840496,0.0,0.6,4.971896323604658,4.922303031702101,0.0,4.971896323604658,Boca - Chicken Cafe,West Bronx,Restaurant,NYC,ChIJjYaWyFb1wokRcYFin-9OBbQ,"475 Bruckner Blvd, Bronx, NY 10455",5.0,200,https://lh3.googleusercontent.com/gps-cs-s/AHVAweotkvEhn1TRnxNoLaiEpFdgrkQP9WylUwyOs-HAq1t8mtJR_kLmr8rgyek3VYG9Ag-f5R9kUKh9DYcjWgqNvuPXqOJR7M6f2wNvsVH1Eh0S4YXYaY9BLnUCyL9ptrsJTvRja6uH2ScI4589=w408-h544-k-no,https://www.google.com/maps/search/?api=1&query=Boca%20-%20Chicken%20Cafe&query_place_id=ChIJjYaWyFb1wokRcYFin-9OBbQ,0.9811913590528127
r_4e0ca9,50.0,0.19777829082463597,0.0,0.94,4.299583497158133,4.499548794789838,0.19996529763170567,4.19960084834228,Step In,East Bronx,American,NYC,ChIJvZeUH8H0wokRR6HyeGlF5AA,"1309 Metropolitan Ave, Bronx, NY 10462",4.4,1115,https://lh3.googleusercontent.com/gps-cs-s/AHVAweosATfJMtindN68Wsgg_cl5-IBGRX-AGzV4p3vzB-zCvLwiNG1gutJ5wvhXyWGirO-t5Niz4fTreL4P6aio_m_mNfrwJRMOdl950pn0ePWbY6_wHUPyf9e-2tHZWyHuuE6ydwY=w408-h544-k-no,https://www.google.com/maps/search/?api=1&query=Step%20In&query_place_id=ChIJvZeUH8H0wokRR6HyeGlF5AA,0.4643255904961252
r_4e6e0b,50.0,0.2758151905331119,0.02,0.76,4.848581043911328,4.781497278446693,0.0,4.848581043911328,JiBeiChuan Rice Noodle & Ramen,Bayside,Chinese,NYC,ChIJ1ULyVcFhwokRdimG0u181Ks,"42-26 Bell Blvd, Bayside, NY 11361",4.8,439,https://lh3.googleusercontent.com/gps-cs-s/AHVAwerlRg31a83lUpIUizAJuiZy2IdbWB23hhgwmWDQcPjouQUi_HcKEty9JiStn3J_a_Y38FN0nl6YS6EJef3Qlvbaoh1H65I7lW6HNkQ7JIy1LBZ3yWVSUOOH5bibu9rCol4IFya6xA=w408-h306-k-no,https://www.google.com/maps/search/?api=1&query=JiBeiChuan%20Rice%20Noodle%20%26%20Ramen&query_place_id=ChIJ1ULyVcFhwokRdimG0u181Ks,0.8986614869312368
r_4f347e,50.0,0.17987156641630742,0.02,0.96,4.614447645427011,4.572444900470972,0.0,4.614447645427011,Bistro Eloise - French Restaurant,East Elmhurst,French,NYC,ChIJaW0AKldfwokRZh8-LdwLkkY,"75-57 31st Ave, East Elmhurst, NY 11370",4.6,576,https://lh3.googleusercontent.com/gps-cs-s/AHVAweqhU5fux9YWDCZEeqbK54geakhvHOGTCNYgKh3c8Ee1NTD1yBS-3_tW3IJB1GfMMNdjZUqklgBqCoI6TINSmlKr2JXxb8ngWNrDRcng8Fpjo5VlVpMndyRO3Stk1oQmMqZB40mG4A=w408-h544-k-no,https://www.google.com/maps/search/?api=1&query=Bistro%20Eloise%20-%20French%20Restaurant&query_place_id=ChIJaW0AKldfwokRZh8-LdwLkkY,0.7419655812465992
r_4fb13c,50.0,0.1838966473975383,0.0,0.94,4.48994841447879,4.551278373927677,0.061329959448887195,4.459283434754346,Dado's Pizza and Taproom Harlem,Manhattan,Pizza,NYC,ChIJbxlnQ-L3wokRk6e040nI_xc,"341 St Nicholas Ave, New York, NY 10027",4.7,355,https://lh3.googleusercontent.com/gps-cs-s/AHVAwepENgPX8gxVj1ocW18qO9ZlIPYHm_TZJPqoBDtr6KJokDerzEBZbrgiP5cnKebQ99EtsthiPqsbPWBn9SX933petiwrSOgm3rDT5-LJQAxctxLTc6iRe4nMajK5rbxrl8oybQR3=w426-h240-k-no,https://www.google.com/maps/search/?api=1&query=Dado's%20Pizza%20and%20Taproom%20Harlem&query_place_id=ChIJbxlnQ-L3wokRk6e040nI_xc,0.6381205224955145
r_51f664,50.0,0.2597039752947898,0.02,0.76,4.584725873226067,4.4162447939500655,0.0,4.584725873226067,Tasty Choice Shawarma,East Bronx,Mexican,NYC,ChIJS8RiCaL1wokRGlmNErWV1lI,"704 Morris Park Ave, Bronx, NY 10462",4.5,513,https://lh3.googleusercontent.com/gps-cs-s/AHVAweoi-DULTxYDLdslsgxA5xrAa3S5Aut6MscL8ocRKqZecYwZm2yD3DqOYfDrYTOjLLB0N9w3PNc0_m0TSDE49O1G9Kvno1bcUsv6hHzmz2QutlSdnXkAMV1akRX586V6HWzbouff5YpAc0tm=w408-h306-k-no,https://www.google.com/maps/search/?api=1&query=Tasty%20Choice%20Shawarma&query_place_id=ChIJS8RiCaL1wokRGlmNErWV1lI,0.7220740149697303
r_55edb3,50.0,0.19205107912827693,0.0,0.92,4.397272958416717,4.309715014660208,0.0,4.397272958416717,Best Of Best Halal Truck,Long Island City,Halal,NYC,ChIJfX_HjztfwokR9KkYjVyaA3E,"31-80 Steinway St, Long Island City, NY 11103",4.5,139,https://lh3.googleusercontent.com/gps-cs-s/AHVAwersn3wlbMHBsC_yFvPwtp_Zelr68g2ctDQZSP6cnaG6x81VYiLebjiIgz0V2adnfiewDHJi_klGM1xIBNjHI_aStfjRMcwXBdetjtLUdjPg7YN_nwgf_Hxb_TARWznKigShN4RUKg=w408-h544-k-no,https://www.google.com/maps/search/?api=1&query=Best%20Of%20Best%20Halal%20Truck&query_place_id=ChIJfX_HjztfwokR9KkYjVyaA3E,0.5966194474051467
r_582ac1,50.0,0.20329890880061138,0.0,0.9,4.779941403623843,4.7800149523823485,7.354875850573706e-05,4.77990462924459,Native Noodles,Manhattan,Restaurant,NYC,ChIJBUwqQtX3wokRuc2aytaILFs,"2129 Amsterdam Ave, New York, NY 10032",4.6,364,https://lh3.googleusercontent.com/gps-cs-s/AHVAweposDLU0-CSKnbF2d-2TB6UvNcyu_x845pxLEeVBe3D8OD1aalYtV0m7wl8RGk1IIn45it-DJqND-vKHQb3CxKa1wJezhO3T7fN0Vsuj9zO53g0Fh3r9be20ESFHEH7rkNbmiRC5FYVqoE=w408-h306-k-no,https://www.google.com/maps/search/?api=1&query=Native%20Noodles&query_place_id=ChIJBUwqQtX3wokRuc2aytaILFs,0.8526991720071697
r_59a93c,50.0,0.20657241452919797,0.0,0.9,4.433275658735263,4.56778615877215,0.13451050003688714,4.366020408716819,Lido Harlem Restaurant,Manhattan,Italian,NYC,ChIJ2yTMoxb2wokRixfwCY3ltok,"2168 Frederick Douglass Blvd, New York, NY 10026",4.5,1764,https://lh3.googleusercontent.com/gps-cs-s/AHVAweoJBPGloHDjKAql-d-LgAm2PtG0vEL7JFcnogIIh3kPVYzQA47BPr0Su5fDz3L2j4bSw4DNKyi1qCgY9GnIrP7ap1M73fQwkrkRpqkTkdZVeh3cS6FtVvdNcGCRX0LcKOft7lN2=w408-h306-k-no,https://www.google.com/maps/search/?api=1&query=Lido%20Harlem%20Restaurant&query_place_id=ChIJ2yTMoxb2wokRixfwCY3ltok,0.5757033943692207
r_5a87b3,50.0,0.22720309583791515,0.0,0.86,4.5495340957129,4.226636715600514,0.0,4.5495340957129,Talde Noodle Bar,East Elmhurst,Restaurant,NYC,ChIJ6ZRPzdZfwokR8QxWo9LNsPY,"LaGuardia Airport, Terminal B, Queens, NY 11371",4.4,257,https://lh3.googleusercontent.com/gps-cs-s/AHVAwepQqtPe6DCJ8zgWmg2pmhVWg8fkcwKBwBtHTGuNNNoLiokrlehu-etrhPot6_6yw0IFDK9e1l4jncSG8_aEu-MoGqh_oOxbS9Bbbg7aEJtx-SLSFNI0wNKOeUuhKtRmNT8KpwYIpg=w408-h306-k-no,https://www.google.com/maps/search/?api=1&query=Talde%20Noodle%20Bar&query_place_id=ChIJ6ZRPzdZfwokR8QxWo9LNsPY,0.6985215979041773
r_5a8d53,50.0,0.18451601827865116,0.0,0.94,4.8752959732750085,4.832013733444247,0.0,4.8752959732750085,Roseta Halal Grill,Astoria,Halal,NYC,ChIJX1Q_jXhfwokRbYciJdt26sY,"22-01 31st St, Astoria, NY 11105",4.8,84,http://t0.gstatic.com/images?q=tbn:ANd9GcTcDMAONuF7Lv1SLFpf9PMtKqCuT70yidy1nkqCovX_P-dD2p3v,https://www.google.com/maps/search/?api=1&query=Roseta%20Halal%20Grill&query_place_id=ChIJX1Q_jXhfwokRbYciJdt26sY,0.9165406963009475
r_5bffb7,50.0,0.1850688417615215,0.0,0.98,4.29357148380224,4.154208198138048,0.0,4.29357148380224,Wicked Wolf Bronx,East Bronx,American,NYC,ChIJ-ZqZEBiLwokR-F0TH-ryllQ,"4029 E Tremont Ave, Bronx, NY 10465",4.5,838,https://lh3.googleusercontent.com/gps-cs-s/AHVAwepbbtbJ5RRBA9_G9kznW5GQoEbXZqPA3NOCxWvBoF2EmH3MB6Y2MZ5LQA1dV3KfKzRbLhQoNz818NqidnSVvxnT4U4KvFtfx9DWIKe1JEpUax27lHB5f5p_AiewrC3rspOTR0QubA=w408-h573-k-no,https://www.google.com/maps/search/?api=1&query=Wicked%20Wolf%20Bronx&query_place_id=ChIJ-ZqZEBiLwokR-F0TH-ryllQ,0.5272162926619917
r_5d487b,50.0,0.24535200394606765,0.02,0.8,4.688412875721093,4.836279331157797,0.14786645543670396,4.6144796480027415,Reg'z New York Pizza,Astoria,Pizza,NYC,ChIJdWUU9S1fwokRtSPKpGWcds8,"28-17 36th Ave, Astoria, NY 11106",4.7,494,https://lh3.googleusercontent.com/gps-cs-s/AHVAweo55L9FbgPYI38ETjzd5o0e-y1_Ctg4spn0YcNvVoUrFiS18Y9eqw7F5URmQWUfbfVB1PsJ4xxBj6UEMlmW-l-svVO1tSUmH-8frJ6Rc1uwicBdI8HBO0pDlEfH9uRWdk7TDBE=w408-h272-k-no,https://www.google.com/maps/search/?api=1&query=Reg'z%20New%20York%20Pizza&query_place_id=ChIJdWUU9S1fwokRtSPKpGWcds8,0.7419869992613755
r_60dfcd,50.0,0.2645169204302516,0.0,0.8,4.510424329330896,4.333092813550557,0.0,4.510424329330896,Umi Tea Chicken & Ramen,Flushing,Restaurant,NYC,ChIJhRD-RBJhwokRLHn8dD9ZEE8,"35-42 Union St, Flushing, NY 11354",4.6,212,https://lh3.googleusercontent.com/gps-cs-s/AHVAwep-8MWZ_dvMlHVr6lGLq24fDzFeUEPjir_1SyB0_bJ0yenEhGDG1L4doLIWvcP3xHDlANZl1OKwmrNumcP0aiEC_sdYRugD-FCWL43QSZfPlhoCtctECUjSQEnCo00PkfnjnX1y=w408-h544-k-no,https://www.google.com/maps/search/?api=1&query=Umi%20Tea%20Chicken%20%26%20Ramen&query_place_id=ChIJhRD-RBJhwokRLHn8dD9ZEE8,0.6723470311656641
r_612eb7,50.0,0.21036376282176025,0.0,0.88,4.487507249875055,4.402015669452794,0.0,4.487507249875055,Tony's Pier,City Island,Seafood,NYC,ChIJBdUigIWLwokRJvFIxrTgr8s,"1 City Island Ave, Bronx, NY 10464",4.3,5995,https://lh3.googleusercontent.com/gps-cs-s/AHVAwersH-N8buZlZVCNsuv0MtCJ0Oz51lEA3lwT-uxWrL5YyD3nAjQBM-UbsbabdYP0Q-sxSwX7Y7U8ncrje_owbeU6-2U38p6LbHZ7gzgB-9_41pxQwdAhTzmYYcIfgVBZATgOL6S2=w408-h272-k-no,https://www.google.com/maps/search/?api=1&query=Tony's%20Pier&query_place_id=ChIJBdUigIWLwokRJvFIxrTgr8s,0.657009567376958
r_61916b,50.0,0.3438937991782525,0.0,0.62,4.662464633450932,4.628225308441055,0.0,4.662464633450932,Burp Bowl Cafe,Manhattan,Chinese,NYC,ChIJIRRG8oRZwokRbzJ0phtuGFI,"1812 2nd Ave, New York, NY 10128",4.7,106,https://lh3.googleusercontent.com/gps-cs-s/AHVAweptsHRILqEcF6FPI15D6msAcogaQrKUr-1mMKfzo5JQ3MDGRgPYIwZuc9wJ9OQ8Ixyor6r078OrBm9VP86jdG5ZDhM0x-jgSMZuEHz59I8RjWqau8w2V-xg6prDgachuQ1yaA=w408-h725-k-no,https://www.google.com/maps/search/?api=1&query=Burp%20Bowl%20Cafe&query_place_id=ChIJIRRG8oRZwokRbzJ0phtuGFI,0.7741013870537347
r_62a9a3,50.0,0.24585680831973467,0.0,0.84,4.651236224940914,4.7158973869019984,0.06466116196108462,4.618905643960371,Jin Ramen West Harlem,Manhattan,Japanese,NYC,ChIJSQm0BGr2wokRMlxPSzeSl2g,"3183 Broadway, New York, NY 10027",4.4,1568,https://lh3.googleusercontent.com/gps-cs-s/AHVAwerBRRl17GXdvSEmb6-AxKS1fSg-UHoBq0-zbXOoP3e4GCQfk-3QwpOX90fWy_98mkP7dPaFNAGXvMK_wjAE9yw-zdvDoLM5CvKdBoGCtCJ6l6R1JaTZBB3KybH9ITKqbvghUkJnAQ=w408-h306-k-no,https://www.google.com/maps/search/?api=1&query=Jin%20Ramen%20West%20Harlem&query_place_id=ChIJSQm0BGr2wokRMlxPSzeSl2g,0.7449491372973284
r_65236b,50.0,0.20316014690180714,0.0,0.92,4.4527850333166015,4.336343777327907,0.0,4.4527850333166015,Loretta's Pizza,East Bronx,Pizza,NYC,ChIJ8yVV-2mLwokRLAAhn7mByp4,"3276 Layton Ave, Bronx, NY 10465",4.5,457,https://lh3.googleusercontent.com/gps-cs-s/AHVAweq_JO9tXkdBiFw2zKxSmMnytXOFrL_NrAJ5-JYZhiyfziStOC4CVCU8jgZYomEEdRLwQNoGmIPDkSlFQ_f5d_1LnOzcYyBFWXvQ9_YpTg6tKQ1VIOL4s93W4jXNgxj1nWFG8UGH=w408-h725-k-no,https://www.google.com/maps/search/?api=1&query=Loretta's%20Pizza&query_place_id=ChIJ8yVV-2mLwokRLAAhn7mByp4,0.6337714082496118
r_662ac3,50.0,0.34828343573922527,0.0,0.6,4.965545303713539,4.987724725074198,0.022179421360658758,4.9544555930332095,Bua Thai Ramen & Robata Grill,Manhattan,Thai,NYC,ChIJq6o-8btYwokRAnPeXDLe9bM,"1611 2nd Ave, New York, NY 10028",4.8,9814,https://lh3.googleusercontent.com/gps-cs-s/AHVAweo_9Dknxo_poHbc-G6WLeOGUiYyN9HSS3AMyTS12E_IGe4FCnZYY70c6PG1o_4oPq6qtmj4CN0Vbb-Pg65Ep4y-ISh3TncWcjvD4XsiUd7xNZMHEXRsj44Xn5iuwUR00t2iK8-A=w426-h240-k-no,https://www.google.com/maps/search/?api=1&query=Bua%20Thai%20Ramen%20%26%20Robata%20Grill&query_place_id=ChIJq6o-8btYwokRAnPeXDLe9bM,0.9695189915461415
r_6670e7,50.0,0.22383120164721412,0.0,0.56,4.270332404301796,4.379208599215796,0.10887619491400002,4.215894306844796,Montespino,East Bronx,Restaurant,NYC,ChIJKTBo5_D0wokRRD3Z6MpV0iY,"1309 Bronx River Ave, Bronx, NY 10472",4.5,95,https://lh3.googleusercontent.com/gps-cs-s/AHVAweoO4r4oXkXaJnUOULAThxsiFb63cKnhKE9mbWBSpFPVtvk2pzqUgGZvPwQHU1c90tQxczVW_zNzPlwt-nPmIxRWHhhUWtKUb7iZ8cy2Nr-3KcN8ZG3RNE-kCOy7AM2srVVfNTvv=w408-h544-k-no,https://www.google.com/maps/search/?api=1&query=Montespino&query_place_id=ChIJKTBo5_D0wokRRD3Z6MpV0iY,0.47523013573962586
r_66a16f,50.0,0.2094167690441616,0.0,0.88,4.6449324662539775,4.790480119227724,0.14554765297374672,4.572158639767104,Kyodong Noodles,Long Island City,Korean,NYC,ChIJYxp3JwBfwokRvVo64eVsYSo,"34-51 48th St, Long Island City, NY 11101",4.7,149,https://lh3.googleusercontent.com/gps-cs-s/AHVAwepgh-e_YLFRkBDGxeJnsdTCa1sITYz_XTbofrRjtkjfZilQlDNMGb19Z01XItyAf4j9M8m_6zG4d6g1f2Gs282HDYHMGmPbZFoIiX2zLLmQ5NF4kgHGc09kar0cQtcx1gXVA4ohnTg88aGW=w408-h544-k-no,https://www.google.com/maps/search/?api=1&query=Kyodong%20Noodles&query_place_id=ChIJYxp3JwBfwokRvVo64eVsYSo,0.7136632797155953
r_67dc9b,50.0,0.19945228732650844,0.0,0.94,4.56057974684657,4.534872663407604,0.0,4.56057974684657,Pine Restaurant,East Bronx,Italian,NYC,ChIJIcUqAKP0wokRJzfqJIeeYkA,"1913 Bronxdale Ave, Bronx, NY 10462",4.5,4747,https://lh3.googleusercontent.com/gps-cs-s/AHVAweqAR2M1rKs1tyHlwxoKTKHDXSzxKV_7D55O30MPGio0uf-2uu9fXjQGzRkiaVIGdRc36hqHIA353XbvNnjKnu-Zn4QUutDDTSrH8xvptcn9Ba_I_VG4sdiWOXJSylynGGZSUd0Frw=w408-h306-k-no,https://www.google.com/maps/search/?api=1&query=Pine%20Restaurant&query_place_id=ChIJIcUqAKP0wokRJzfqJIeeYkA,0.7059140003528305
r_6ad0a8,50.0,0.25811029312784634,0.0,0.8,4.550183906670668,4.617331479777404,0.06714757310673569,4.5166101201173,Shawarmania,Astoria,Middle Eastern,NYC,ChIJ77R7-2dfwokRmK3aHJ7pmFs,"22-49 31st St, Astoria, NY 11105",4.4,693,https://lh3.googleusercontent.com/gps-cs-s/AHVAweoXLma0MvPRiRNFrl2R6ysohYgNtRo7frhoNwRXUqHsQ93H9tJFCOj3n8zh1d6FWNqSBAqf3BklgnRdEYeREeAQu-gdDkBpFV55tBLe5C0woUQCWNqhZiCtP-4pFw0J8fMkiHfy=w408-h271-k-no,https://www.google.com/maps/search/?api=1&query=Shawarmania&query_place_id=ChIJ77R7-2dfwokRmK3aHJ7pmFs,0.6764869278908899
r_718b5d,50.0,0.18904303191233096,0.0,0.94,4.767476293231885,4.73359497238119,0.0,4.767476293231885,Susuru Ramen,Long Island City,Ramen,NYC,ChIJI24tFJtfwokRG-LlfsXYTDA,"33-19 36th Ave, Long Island City, NY 11106",4.8,659,https://lh3.googleusercontent.com/gps-cs-s/AHVAweqeqNt5NmsFgSmd5GRrdKcQAudJMc5QIXkSYCT4DeQJLj9rx-lExiYo2-HfwKhUihnPWRoYlL4TD1Dhfyp5_5Ey6VmCVDnEiLXbl-S1U-RZvssjYTdi7VeQE-Jm78qQUCTZXBOa=w408-h513-k-no,https://www.google.com/maps/search/?api=1&query=Susuru%20Ramen&query_place_id=ChIJI24tFJtfwokRG-LlfsXYTDA,0.8443813951318035
r_72a37c,50.0,0.2593546241320356,0.0,0.8,4.187854989859787,3.9882250526762664,0.0,4.187854989859787,Andrew Bellucci's Pizzeria,Astoria,Pizza,NYC,ChIJNeDWwbJfwokRN8Y1yFDTbLA,"37-08 30th Ave., Queens, NY 11103",4.5,687,https://lh3.googleusercontent.com/gps-cs-s/AHVAweq3VqM4BQVKrnzkLlpuxVx5dOMCvl1-Lg2qXu2DqYRSxfkV6yGdTnU4Zz7OdAqSv7C3vDGZP181NiW7YtjtNRC7HpVxr9OuGQWGLDtyad08VH6xF47e6GBEEkR5PQM790XI9BdC=w408-h544-k-no,https://www.google.com/maps/search/?api=1&query=Andrew%20Bellucci's%20Pizzeria&query_place_id=ChIJNeDWwbJfwokRN8Y1yFDTbLA,0.4564645679129623
r_74d8df,20.0,0.34317117334620956,0.0,0.6,4.699398134957067,4.676275506922224,0.0,4.699398134957067,Luna Cafe,Melrose,Restaurant,NYC,ChIJ_ZC0cPT1wokR9We0GA0wmvU,"726 Courtlandt Ave, Bronx, NY 10451",4.7,20,https://lh3.googleusercontent.com/gps-cs-s/AHVAwep9CHJ2ZiwV6yrn7zvQlQmcUU8TiNsM_fvv4C0Jy2eZa1IW9M5Ma7RkONMWiazd9t0UhsbOTlFxMjK7eBZQEvTJ6IKl_t8_htm0NHiq2vZ-zh797NjROqL0kY2X_5dfoceiv9WKeQ=w408-h306-k-no,https://www.google.com/maps/search/?api=1&query=Luna%20Cafe&query_place_id=ChIJ_ZC0cPT1wokR9We0GA0wmvU,0.7988194687373971
r_75c7f5,50.0,0.22540568942620523,0.0,0.86,4.648476979937015,4.456793439391734,0.0,4.648476979937015,Cestra's Pizza,East Bronx,Pizza,NYC,ChIJ7YGbKj-LwokR0ShdWBFMBC0,"3631 E Tremont Ave, Bronx, NY 10465",4.5,439,https://lh3.googleusercontent.com/gps-cs-s/AHVAwerYeH4UU4E5Nih9cdh8xikyS8LcDkJCi7To80xJTeStoNH-GVRoOmtHiQBOzte_8HFSjkkjb1nwsPECi6Bbqjzi-bmtu3K24-TzyZN5I-lTGSFYDCzMFeZNl4ELBe1hTgvfKlmGDA=w408-h544-k-no,https://www.google.com/maps/search/?api=1&query=Cestra's%20Pizza&query_place_id=ChIJ7YGbKj-LwokR0ShdWBFMBC0,0.7647400227633131
r_765b7e,50.0,0.22602343312773243,0.02,0.86,4.409038114273822,4.345679459279924,0.0,4.409038114273822,Xi'an Famous Foods 西安名吃 | Upper East Side 78th&2nd,Manhattan,Chinese,NYC,ChIJA4GfR79YwokRxUp0KNMd3T8,"328 E 78th St, New York, NY 10075",4.6,1439,https://lh3.googleusercontent.com/gps-cs-s/AHVAwerG26ARLqMONrJAZoYDBO2FJ7msWz6fh8itmLGJJ3hzhy15z3rOWyWgphhixi4_pCNlKZv7K2SrU8lSqGzIpFLIqASd-whBhs9qzwdPpi1BaSSmcB2eGN_gNRei0Frw7SNilIzv=w408-h271-k-no,https://www.google.com/maps/search/?api=1&query=Xi'an%20Famous%20Foods%20%E8%A5%BF%E5%AE%89%E5%90%8D%E5%90%83%20%7C%20Upper%20East%20Side%2078th%262nd&query_place_id=ChIJA4GfR79YwokRxUp0KNMd3T8,0.6044933849317211
r_7793cc,50.0,0.3080884978245321,0.0,0.68,4.0739312433479755,3.7069316450618075,0.0,4.0739312433479755,Suyo Gastrofusion,West Bronx,Restaurant,NYC,ChIJvRXKoD70wokRgXaViMBas0Q,"1401 Plaza Dr, Bronx, NY 10452",4.5,1172,https://lh3.googleusercontent.com/gps-cs-s/AHVAwerHiXXEal1wlCOrgzZ8ztWpX4Q4UG1M9MrxRlfreoXmcgMaccGAswcjMWZ2Y6IJi9__2K8eSjnEMST9_hSiy-DCFwe54ja5BWqOfNn1hQvDZVcBN45evFSXn6zoXseygA4SCO9NKfKXpAmX=w408-h307-k-no,https://www.google.com/maps/search/?api=1&query=Suyo%20Gastrofusion&query_place_id=ChIJvRXKoD70wokRgXaViMBas0Q,0.3802200647612642
r_77d245,50.0,0.28779126485414513,0.0,0.74,4.939539513095304,4.884022764782456,0.0,4.939539513095304,KYURAMEN - Flushing,Flushing,Japanese,NYC,ChIJfbej4ephwokRUQlaiJQjX-Y,"133-42 37th Ave, Queens, NY 11354",4.3,1879,https://lh3.googleusercontent.com/gps-cs-s/AHVAwer1r7oAOY59J1llUicbPIHHeKTmgxS3bg9nhJ0jPmn4Jx1TCBg5HiRakYU0QWQHscXrla-JP8QgvuyHaeKSBvXNFbbcXrrd4OaoqXj3gUxSZqUceU7lvs8qg_X0EPPt43VKVRfG=w408-h306-k-no,https://www.google.com/maps/search/?api=1&query=KYURAMEN%20-%20Flushing&query_place_id=ChIJfbej4ephwokRUQlaiJQjX-Y,0.9595362694301802
r_7b170d,50.0,0.2233108683141017,0.0,0.88,4.235946412019171,4.29266612932126,0.05671971730208902,4.2075865533681265,Lucia Pizza,Flushing,Pizza,NYC,ChIJ05JUTBBgwokR5r9N-VKn6Rg,"136-55 Roosevelt Ave, Flushing, NY 11354",4.4,1281,https://lh3.googleusercontent.com/gps-cs-s/AHVAweouUfg33kyVhtAT5ve1zwPWFPeC-9jfy-IzfdVzwB2tdpYZZu-H616JbSLTg9l7pnFu10F18PQpPsrjvKDhdQmEjvgHXUkDjJpG-Xayqtbi8Etp6OzXzihCldjfhqDw1UKAOkYyaw=w408-h544-k-no,https://www.google.com/maps/search/?api=1&query=Lucia%20Pizza&query_place_id=ChIJ05JUTBBgwokR5r9N-VKn6Rg,0.4696700961909809
r_7bb624,50.0,0.25259586011961815,0.0,0.82,4.7033345017625185,4.645354488741111,0.0,4.7033345017625185,cha menya ramen(茶麵屋）,Douglaston,Japanese,NYC,ChIJVb-ag9qJwokR7cfpSYTb0K0,"251-20 Northern Blvd, Douglaston, NY 11362",4.7,192,https://lh3.googleusercontent.com/gps-cs-s/AHVAwepKxt9r1q1vAiw6-ykZQrh7VKo7aEgWncljpuvNimNp7_5D7LUBBLa48JecB0Q0N1HuPRg5wndpGduSirDpIMNpzRZbN0CN_BlXKOBxFHfQd6fbAJJ-qqVoIEuT3KvE1-Eu6_Q6=w426-h240-k-no,https://www.google.com/maps/search/?api=1&query=cha%20menya%20ramen(%E8%8C%B6%E9%BA%B5%E5%B1%8B%EF%BC%89&query_place_id=ChIJVb-ag9qJwokR7cfpSYTb0K0,0.8014539180115293
r_7c61fd,50.0,0.2916016250825288,0.0,0.74,4.626276369849162,4.306856707324493,0.0,4.626276369849162,Old Luo Yang,Flushing,Chinese,NYC,ChIJX8kyIgxhwokRf99VrKRPwvA,"135-42 39th Ave, Flushing, NY 11354",4.7,575,https://lh3.googleusercontent.com/gps-cs-s/AHVAweq2AQ2M3CJqvdJiGi2rW6O-S1ReNEI4NIgRC_0M_I0oNa1r_EKUNCTyY55uj9baDHAqN9Bq2JJWB9gFfo4O2fdFPYjk3wrKyr7QhW8jamHr-kZ-d1cRehd9IQS6zjq_i5TNAJ2cm7IzBJ4=w408-h544-k-no,https://www.google.com/maps/search/?api=1&query=Old%20Luo%20Yang&query_place_id=ChIJX8kyIgxhwokRf99VrKRPwvA,0.7498820626132979
r_7db6e6,50.0,0.19698933490331402,0.0,0.9,4.54798325852021,4.488229060218955,0.0,4.54798325852021,RAMEN KU-RAKU,Manhattan,Japanese,NYC,ChIJG-jerif3wokR4f40fzi2JTE,"3952 Broadway, New York, NY 10032",4.4,322,https://lh3.googleusercontent.com/gps-cs-s/AHVAwep0RSvC1TRMAR2mys9zNX1thPh7TC1gyQ5uMByYjer_eC9PWHfOtO9h022O3BkEwAv6K6I1oxdTbkyXMRFeWnElXzwkZhlJHCV77kLT9WEGLy6mkTGaiZ16SVyS0dym6oX9C7pN=w408-h544-k-no,https://www.google.com/maps/search/?api=1&query=RAMEN%20KU-RAKU&query_place_id=ChIJG-jerif3wokR4f40fzi2JTE,0.6974836860127037
r_7f2d33,50.0,0.3198754955570745,0.0,0.7,4.812427019783095,4.941187238897144,0.12876021911404933,4.74804691022607,The Handpulled Noodle | West Harlem,Manhattan,Chinese,NYC,ChIJvz7Nfuz3wokRVIkaEmj6fdM,"3600 Broadway, New York, NY 10031",4.6,1831,https://lh3.googleusercontent.com/gps-cs-s/AHVAweoH4bq-Ko4D78KV4SwWbnkspKbHmc3SV3oGLjzDZguAwyytPOWlVOxxMqP9VHYmsxrHAlg_FbY6kYUUhWyLoQLJWU3Fu-wKNkILcFo1En6yrfzGnDpu6P8S5xgY75Hf5fXxBLg=w408-h614-k-no,https://www.google.com/maps/search/?api=1&query=The%20Handpulled%20Noodle%20%7C%20West%20Harlem&query_place_id=ChIJvz7Nfuz3wokRVIkaEmj6fdM,0.8313781039025352
r_82642e,50.0,0.22609399426809554,0.0,0.6,4.591660746857961,4.41784391546138,0.0,4.591660746857961,Gotta Getta Pizza,West Bronx,Pizza,NYC,ChIJVVVFNmv0wokRssdueDOUpUk,"1735 Townsend Ave Store A, Bronx, NY 10453",4.5,94,https://lh3.googleusercontent.com/gps-cs-s/AHVAwepCSJQtXNaXAo7ay3WzgBilVGzwhASu7F0J4LmHwospu8zw-sZSuwMs1drycEJha52hCnkTJAoADwW9nW98jruE5-86pJogA-EOmZjXK1zjum5gf3miEBc2QQcGN-SDfc9-eJyOLMXqFIaN=w408-h272-k-no,https://www.google.com/maps/search/?api=1&query=Gotta%20Getta%20Pizza&query_place_id=ChIJVVVFNmv0wokRssdueDOUpUk,0.726715242199988
r_86cb94,50.0,0.21591635468812448,0.0,0.34,4.171179461740765,4.590548670912886,0.41936920917212106,3.9614948571547046,El Paisano Pizza & Pasta,East Bronx,Pizza,NYC,ChIJHU_YhEeLwokRi_J8FTqU6FU,"3444 E Tremont Ave, Bronx, NY 10465",4.6,102,https://lh3.googleusercontent.com/gps-cs-s/AHVAweoFUaerBrfQ8F58NVAHq4HPDMgUgdgWDtU88xrggxwequZtehD7C4ki_ByTJWm5SvmwlEg1PwVpslA9PNaRxKFp83IyqDjY8zBB2PaZOkvttg09tQdqA-Qs9iCxO6bGHwVzhC60aA=w408-h544-k-no,https://www.google.com/maps/search/?api=1&query=El%20Paisano%20Pizza%20%26%20Pasta&query_place_id=ChIJHU_YhEeLwokRi_J8FTqU6FU,0.30497099102588093
r_8997e0,50.0,0.1817458188312677,0.0,0.94,3.8731686829944083,3.63709450526335,0.0,3.8731686829944083,"Mamoun's Falafel - UWS, Manhattan, NY",Manhattan,Mediterranean,NYC,ChIJIfwzB_tZwokRAMnYxx8BbQ0,"508 Columbus Ave, New York, NY 10024",4.2,515,https://lh3.googleusercontent.com/gps-cs-s/AHVAweqc6Dam4Tt0izc_TIA8Zit6OlqrcNo-wizzR0147a7VwmCx_JXncRm5VYYo5TW6JshrSgEW3cFxrnH0CB152fbs5TfamLSkPzTRYRzIP-JbsUBQyoGyE6OD1bdj0ug163Tbtton=w408-h544-k-no,https://www.google.com/maps/search/?api=1&query=Mamoun's%20Falafel%20-%20UWS%2C%20Manhattan%2C%20NY&query_place_id=ChIJIfwzB_tZwokRAMnYxx8BbQ0,0.24585789590445292
r_8e8c31,41.0,0.1612440545057628,0.0,0.3902439024390244,4.719532702466806,4.755857091816131,0.03632438934932569,4.701370507792143,Tauro Wood Fired Pizza,Flushing,Pizza,NYC,ChIJ6bguidhfwokR0yGB2RktQxw,"33-23 112th St, Flushing, NY 11368",4.8,41,https://lh3.googleusercontent.com/gps-cs-s/AHVAwer0N1PUSCCiDEkf3nkbHF71g73kjAolj1iLku_mC0ZeHgzD1F_t701HKFSjsM25Q9Q9053iccqx6fCBTU4ZIn0PWZ-c0cnr_-nWx5SnPQjscFzZG7hKfLKHWWFKp207LgFV17LLkMsXJTPk=w408-h544-k-no,https://www.google.com/maps/search/?api=1&query=Tauro%20Wood%20Fired%20Pizza&query_place_id=ChIJ6bguidhfwokR0yGB2RktQxw,0.8001394971901542
r_8f5746,50.0,0.21138972104930517,0.0,0.88,4.618164627483819,4.595130908587854,0.0,4.618164627483819,Mario's Pizza & Restaurant,Flushing,Pizza,NYC,ChIJr4W404OKwokRno6aEPp6yUM,"163-01 29th Ave, Flushing, NY 11358",4.5,147,https://lh3.googleusercontent.com/gps-cs-s/AHVAweqwvIhKOgrIYxfuRAEmQrLdxb0NHWtTbLxvmRilp1xWG85cKPmzT-OdBzI0MuNC8J6GzKn7vUtGWloCcKfRrCxuOkqjaI6ep3wKNzs6RHd7M1vI_D9gLZZT7vaMVyttGNG9YPca=w408-h543-k-no,https://www.google.com/maps/search/?api=1&query=Mario's%20Pizza%20%26%20Restaurant&query_place_id=ChIJr4W404OKwokRno6aEPp6yUM,0.7444532052830483
r_915236,50.0,0.2146208510252168,0.0,0.88,4.619465091322629,4.46735373023216,0.0,4.619465091322629,HASHI Ramen & Izakaya,Flushing,Japanese,NYC,ChIJZaM9-NFhwokRY7STVUcfsY0,"192-12 Northern Blvd, Flushing, NY 11358",4.1,598,https://lh3.googleusercontent.com/gps-cs-s/AHVAweoEK2zkgztIz-Ht3wyNQBZ0u2UtrB9fHJ5br5FqROJz9B4t-WgoiwUftXpV7iyr0kmMIlF3RgcF5KLCzHZ_2O1IkateTNw-dlUYZKk8Xf85pYV-ZYXdISvTEZVTxl2uadgqnqpxA4FgnYpV=w408-h306-k-no,https://www.google.com/maps/search/?api=1&query=HASHI%20Ramen%20%26%20Izakaya&query_place_id=ChIJZaM9-NFhwokRY7STVUcfsY0,0.7453235525310347
r_92418d,50.0,0.23049299538395945,0.02,0.86,4.4537176017783064,4.33192845468007,0.0,4.4537176017783064,Travesias,East Bronx,American,NYC,ChIJB52uuD2LwokRNwneWmZBND8,"3834 E Tremont Ave, Bronx, NY 10465",4.3,1281,https://lh3.googleusercontent.com/gps-cs-s/AHVAwerP0UMBzs99eX4mD4lgpNSdPAvIOjWjOpFHcWmXo2-5E-LWmR5XSMcgPhGxPqJbeaQ66ZLzF7nLhmAtpEICQbjqTPmK8GHaVd7GtXqm9hxkid0td4uQqi-_gW1YsBD8YNegYh9I=w408-h294-k-no,https://www.google.com/maps/search/?api=1&query=Travesias&query_place_id=ChIJB52uuD2LwokRNwneWmZBND8,0.6343955381715527
r_9321e0,50.0,0.28571706700943894,0.0,0.76,4.871952465995146,4.91121916649914,0.039266700503993945,4.852319115743149,The Handpulled Noodle | Central Harlem,Manhattan,Chinese,NYC,ChIJ7UPihKr3wokRg3ddiecrdXQ,"370 Malcolm X Blvd, New York, NY 10027",4.5,1061,https://lh3.googleusercontent.com/gps-cs-s/AHVAweomzhOTVWWaTmTr50ZQ2LiNZeBGdboTTPd2Jaayef_3F3yttqVtlflVKPpvi49r8bY6gzlRxyLY1KvLiHKcndd2Kl6AU3DJfFK0QkGmRn4PRKRXLbLjBV8WbLIGB29OVXZHvrOi=w408-h272-k-no,https://www.google.com/maps/search/?api=1&query=The%20Handpulled%20Noodle%20%7C%20Central%20Harlem&query_place_id=ChIJ7UPihKr3wokRg3ddiecrdXQ,0.901163225491362
r_94a71f,50.0,0.2578044265007702,0.0,0.8,4.753695520349618,4.869978185905655,0.11628266555603695,4.6955541875716,Krispy Chickpea,Manhattan,Middle Eastern,NYC,ChIJa2RcfgBZwokRR-xY13_ke7w,"301 E 90th St, New York, NY 10128",4.9,164,https://lh3.googleusercontent.com/gps-cs-s/AHVAweqMDMkTFPbZ1JC2z0AfJYWwn7-xwvzz1h6u9WgQ0MJtl1_8NzXweB6XGH6e3L1IrJfPJWm16GGGe8YoQgY97d_I9d39wlGhNpyFYj836PesGqGMORyiv0uGlmyZBrRbZnUTGKHDZybys3Q=w408-h544-k-no,https://www.google.com/maps/search/?api=1&query=Krispy%20Chickpea&query_place_id=ChIJa2RcfgBZwokRR-xY13_ke7w,0.7962468720003694
r_953253,50.0,0.20926330568331658,0.0,0.88,4.618833255707495,4.569723032308729,0.0,4.618833255707495,Lena Trattoria,East Bronx,Italian,NYC,ChIJA4JRKzCLwokRHBTppuJxhpg,"3470 E Tremont Ave, Bronx, NY 10465",4.7,402,https://lh3.googleusercontent.com/gps-cs-s/AHVAweo53E8CVsjIrG5JUMSw32Ki-ZKGpUGP0TAOgXBQMnWLmelBkEfhPIO6CE5PYbipCdMk1MVNCJt1YR3nf2FjgHs55Pp4udy63ijQDYBhTMKIcrhr_p52V0j4hyfTYVmC02NrOFP8SQ=w408-h544-k-no,https://www.google.com/maps/search/?api=1&query=Lena%20Trattoria&query_place_id=ChIJA4JRKzCLwokRHBTppuJxhpg,0.7449006908009344
r_97bd01,50.0,0.21666767427425843,0.0,0.92,4.784701184922167,4.778699664535769,0.0,4.784701184922167,Maisonetta,Port Morris,Mexican,NYC,ChIJ6ZxdNlX1wokRtDoCPt_Iy4I,"141 Lincoln Ave, Bronx, NY 10454",4.5,358,https://lh3.googleusercontent.com/gps-cs-s/AHVAweo0Ume80K7skgFqBLGT1QEveeFxFHm4kdu8Wig5uJDOIYvNyc666-NVGdgvcgOucHdWZ8Xktj3fmXSoijiqa7uLQ6eHhM2iGuPB7UZwTuuETuhPsorJFwHprG1pDzjMI4dLJwEK=w408-h264-k-no,https://www.google.com/maps/search/?api=1&query=Maisonetta&query_place_id=ChIJ6ZxdNlX1wokRtDoCPt_Iy4I,0.8559093105048391
r_99ffaf,50.0,0.21537619103526395,0.0,0.88,4.627567336066971,4.490473183636268,0.0,4.627567336066971,Angie's Cafe & Pizza,West Bronx,Pizza,NYC,ChIJa4QXf9v1wokRBkH_7sHrnZ8,"2559 Third Ave, Bronx, NY 10451",4.6,410,https://lh3.googleusercontent.com/gps-cs-s/AHVAweqaNNkyviNYWAsi_A5RUyL4Yy14U0Wh9ZBf47kn4p9i8htAYGXPoFpB-UdA4idvwAy6V_QCWaMTcXazsb50Egi-u13O7kfWEs-2J74JURICFevaWX9_NlkIuFWV3WD46AYwfD0=w408-h306-k-no,https://www.google.com/maps/search/?api=1&query=Angie's%20Cafe%20%26%20Pizza&query_place_id=ChIJa4QXf9v1wokRBkH_7sHrnZ8,0.7507460534920763
r_9a2be1,50.0,0.2575169573764088,0.0,0.82,4.520753162303852,4.250372357922807,0.0,4.520753162303852,KYURAMEN - Bayside,Bayside,Ramen,NYC,ChIJiTRoX6SLwokRwZjIKFrR67Y,"38-35 Bell Blvd, Queens, NY 11361",4.5,1224,https://lh3.googleusercontent.com/gps-cs-s/AHVAweqLhrLQabQv3Gsr63Y0jtnyyzjqwlrcbKth3SJmVRFMTPUdqZo53FbxT5YH3cEi0eDIiC1yLvGMQiK-E-xVVBc5hTp3fHKQX5DCWG2O_gbd3SHNud-KldlNTZnGin1g4nnauswwFg=w408-h544-k-no,https://www.google.com/maps/search/?api=1&query=KYURAMEN%20-%20Bayside&query_place_id=ChIJiTRoX6SLwokRwZjIKFrR67Y,0.6792596965429236
r_9c68cc,50.0,0.17447978690768784,0.0,0.94,4.80211579316556,4.799552811506231,0.0,4.80211579316556,Johnny's Reef,City Island,Seafood,NYC,ChIJh4kgf4-LwokRNpMUb_r4n70,"2 City Island Ave, Bronx, NY 10464",4.4,9323,https://lh3.googleusercontent.com/gps-cs-s/AHVAweouZqjDjJt1jx13QAC7yEombsg_VAvMlea50fbuJ2NX3tQnDQf9Y7o_YRpIDeV3bybYL28HEejaoJE5rMGam_FUmkSd9eVZ61zlC3bkxxgQxtltWftCymbX8xRGEngpSqB_qOZU=w408-h407-k-no,https://www.google.com/maps/search/?api=1&query=Johnny's%20Reef&query_place_id=ChIJh4kgf4-LwokRNpMUb_r4n70,0.8675641954059542
r_a138f8,50.0,0.16228447146306427,0.0,0.98,4.337042790586252,4.292823972473919,0.0,4.337042790586252,Soom Soom,Manhattan,Mediterranean,NYC,ChIJE7KM7YtZwokRbRZ7EAsH7hg,"1108 Lexington Ave, New York, NY 10075",4.7,697,https://lh3.googleusercontent.com/gps-cs-s/AHVAwepiu8VIBDARcygSj5ieKrFeJm2L1686yHgqoep9K5DU5XOtcaaUli_QwbGPDtjrSaUA0g_TxuKQP9YYacJMG0u0GtQbxd3wuKxqBpsAOB_B1tQb77fUkseIzO_izOetNuZJP36G=w408-h272-k-no,https://www.google.com/maps/search/?api=1&query=Soom%20Soom&query_place_id=ChIJE7KM7YtZwokRbRZ7EAsH7hg,0.5563098599698258
r_a3ca8b,50.0,0.2350076922242116,0.0,0.86,4.3239290534887385,4.3449370379454555,0.021007984456717033,4.31342506126038,Fabrika,Jackson Heights,Deli,NYC,ChIJF-Yh-hNfwokRNge04jMeKcE,"80-24 Northern Blvd, Jackson Heights, NY 11372",4.7,711,https://lh3.googleusercontent.com/gps-cs-s/AHVAweqCG1Cvp5nyxrg5ao1kXcxzvFntNB6QPDnbNK2uadwebUdjcxaaudPHfstuHHj418silKXcmTKTt33_rWF8zQ3tTk9TFKJ8YlO1XtXz9A9btjZDF_2PMtvfYo3fumlrDBUpenDN=w408-h751-k-no,https://www.google.com/maps/search/?api=1&query=Fabrika&query_place_id=ChIJF-Yh-hNfwokRNge04jMeKcE,0.5405034798852694
r_a49716,50.0,0.20726142662888292,0.0,0.9,4.5138522619481005,4.521607325544609,0.007755063596508904,4.509974730149846,Primavera Pizzeria,East Bronx,Pizza,NYC,ChIJU5vUnur1wokRrQeQiGzRd5c,"761 Morris Park Ave, Bronx, NY 10462",4.6,192,https://lh3.googleusercontent.com/gps-cs-s/AHVAwerrgcws88XYKrSfbryft94zaf1WzU0LrtTgf1MbtJ155utCLihrFDT9WpLH4f_pC8czx9j5Cco7bxpIyyu644XSBMwN0MspUXLZACQcuufNufFdVQVr5Bk31qxi87xC47nmsmEI=w426-h240-k-no,https://www.google.com/maps/search/?api=1&query=Primavera%20Pizzeria&query_place_id=ChIJU5vUnur1wokRrQeQiGzRd5c,0.6720461328259748
r_a71b4f,50.0,0.267874496815428,0.0,0.76,4.650582638090806,4.827352005291183,0.17676936720037695,4.5621979544906175,K•Soul Asian&Sushi & Bar,East Bronx,Japanese,NYC,ChIJa30V8v-LwokRA7fYQEwiQt0,"3811 E Tremont Ave, Bronx, NY 10465",4.8,59,https://lh3.googleusercontent.com/gps-cs-s/AHVAweqfngnbjCEeDe2l6qREq8HiWc01VbEc8wNvWIAN_29mJEKEJd-nbXhKeTvko7zBm5ojGOvztH2lH4lc3x9IeiMxEfPjJtovYrHGjvYuTHoqlLD4dM_innSSGgeWNmUxgtsMvCeCAbykHlOj=w408-h306-k-no,https://www.google.com/maps/search/?api=1&query=K%E2%80%A2Soul%20Asian%26Sushi%20%26%20Bar&query_place_id=ChIJa30V8v-LwokRA7fYQEwiQt0,0.7069970005314095
r_a92423,50.0,0.18841554005469302,0.0,0.92,4.16185932565513,4.134925190350711,0.0,4.16185932565513,Jin Ramen Hamilton Heights,Manhattan,Restaurant,NYC,ChIJGcuwKtj3wokRHB7NZ8wzTSQ,"3599 Broadway, New York, NY 10031",4.3,195,https://lh3.googleusercontent.com/gps-cs-s/AHVAwep7jf74A5gTeLqbnGV1nPGARcidtnmZJxwrnmVZzsFsj7-LtXxI4NabkX2iAwNkmc4K5_HBfQBOIHV351PnWTjvh9TqFw-gLpQn1uWQgZ7sa-t8A4LZsDaXcXhoC-3gxe4Pw2KT=w408-h306-k-no,https://www.google.com/maps/search/?api=1&query=Jin%20Ramen%20Hamilton%20Heights&query_place_id=ChIJGcuwKtj3wokRHB7NZ8wzTSQ,0.43906673329051216
r_a9365c,50.0,0.18709714779866884,0.0,0.9,4.826915232424243,4.793805209066155,0.0,4.826915232424243,Akura ramen & sushi,Manhattan,Japanese,NYC,ChIJBwqOev9ZwokRXFRpHsvGlRk,"1588 York Ave, New York, NY 10028",4.8,112,https://lh3.googleusercontent.com/gps-cs-s/AHVAweoEZReFhOJf46gEObYQ8_0Tvx4KPeqAK4goq9ek-TKBJJpe-Fn1GpuzBQee_GQ-d45_M0tnrCSfu24byrzwGxCobl5bZAOeyV9gx-xff3MGn3uO3as3uoEFD8WSTzU3-8FrORgtgDYSLQKY=w408-h306-k-no,https://www.google.com/maps/search/?api=1&query=Akura%20ramen%20%26%20sushi&query_place_id=ChIJBwqOev9ZwokRXFRpHsvGlRk,0.8841614456071929
r_a947dd,50.0,0.22221626780183967,0.0,0.84,4.889898654124434,4.877171910539223,0.0,4.889898654124434,ME Mediterranean Eatery,Manhattan,Mediterranean,NYC,ChIJoaJKT6lZwokRhhuJIS2Rcug,"548 Main St, New York, NY 10044",4.9,286,https://lh3.googleusercontent.com/gps-cs-s/AHVAweq_nzE3iMRGbMlMHt7tgDpwQej8WDzg0Sn16KKGIWxUTIsW5wfItbnVSpZzr-Exv1hxViZke-a-QePiV32MUIYqP8w8rWV0XC-KKdGjVrMOMe67JjO3z5Qor6tld3hYvwgh_wrGT5v53QNW=w408-h306-k-no,https://www.google.com/maps/search/?api=1&query=ME%20Mediterranean%20Eatery&query_place_id=ChIJoaJKT6lZwokRhhuJIS2Rcug,0.9263136732275082
r_acb176,50.0,0.23382676210667067,0.0,0.86,4.4345764845575255,4.3111364061523165,0.0,4.4345764845575255,Nana's Kitchen,East Bronx,Mediterranean,NYC,ChIJM0JDlaX0wokRDjesSHnSNc8,"1809 Hone Ave, Bronx, NY 10461",4.6,214,https://lh3.googleusercontent.com/gps-cs-s/AHVAweqHiG9XAyH7IWX19ZZZf-Jj5Q_Kb2170P3tC1UX9x4PLrcTBfgtJkwvbbcb78mVzuFNWdsRZ1tcWu6y3h63lawHXMlnTHxoEYvNuJoghmqk-YVHVaavH9zQjr5lE07VRjaei7nI=w442-h240-k-no,https://www.google.com/maps/search/?api=1&query=Nana's%20Kitchen&query_place_id=ChIJM0JDlaX0wokRDjesSHnSNc8,0.621585171439841
r_ad8faf,50.0,0.25640764380654857,0.0,0.8,4.647304179713845,4.556791980182393,0.0,4.647304179713845,二哥 砂锅 · 过桥米线 Bob’s Noodle,Flushing,Restaurant,NYC,ChIJRU8x2lthwokReo1cVA4oKLM,"40-09 Prince St, Flushing, NY 11354",4.7,84,https://lh3.googleusercontent.com/gps-cs-s/AHVAwepo7ahVZOUZAVuapZQoMzbzCgNGwNDytOhFTEyT2KOiXGvy055jzK5Wpq2VYTN2sscIAPHf66Bk2mKyWObufS_Q76dbf2pG-bWM0agZDS06tnc7adnk19dRUIOSP0eQYa_9WnmfjRftyyy-=w408-h272-k-no,https://www.google.com/maps/search/?api=1&query=%E4%BA%8C%E5%93%A5%20%E7%A0%82%E9%94%85%20%C2%B7%20%E8%BF%87%E6%A1%A5%E7%B1%B3%E7%BA%BF%20Bob%E2%80%99s%20Noodle&query_place_id=ChIJRU8x2lthwokReo1cVA4oKLM,0.7639551155508162
r_b194bb,50.0,0.22752424823202597,0.02,0.86,4.7832195188862245,4.701379385080686,0.0,4.7832195188862245,Falafel Crunch,Manhattan,Middle Eastern,NYC,ChIJrSrIEAD1wokR1ZazzJSDN7A,"2547 Amsterdam Ave, New York, NY 10033",4.8,68,https://lh3.googleusercontent.com/gps-cs-s/AHVAweoHEJMIzu-EY_eGpFJYOf1Krb6eywSjEwkJhcVMdqFrtNLz5fm3Lz6Mp-zUnWSMntmQhcDxO2v6MBtS7yY-_5ybNiPmuFeMqbOy8Tgi-qt7r8M8W1_fXtJUvv6PKz3VCZz_ry2OObDgqxkQ=w408-h544-k-no,https://www.google.com/maps/search/?api=1&query=Falafel%20Crunch&query_place_id=ChIJrSrIEAD1wokR1ZazzJSDN7A,0.8549176920389258
r_b47d46,50.0,0.26200758578800193,0.0,0.8,4.141933967874817,4.003810640437017,0.0,4.141933967874817,Morris Park Pizzeria,East Bronx,Pizza,NYC,ChIJhV3ZTJb0wokRwAY1IVYzykk,"656 Morris Park Ave, Bronx, NY 10462",4.5,328,https://lh3.googleusercontent.com/gps-cs-s/AHVAweqatgiJHaXuGu2KR6vBnaZwfZQdmsboAk-xs1XTZmAHmeiDFdkO7PWIIMdUjFLnWUqrbhW3INadlRo0-M0hlFcCoolT-cyi_kqEWUTj2MIuxvynX9RgJYJfGyFPcXfudQtQg4zw=w408-h441-k-no,https://www.google.com/maps/search/?api=1&query=Morris%20Park%20Pizzeria&query_place_id=ChIJhV3ZTJb0wokRwAY1IVYzykk,0.4257315064339908
r_b53074,50.0,0.22030364369946057,0.0,0.12,4.011390081415408,3.9967817260943046,0.0,4.011390081415408,Bao & Pancakes Inc. 新天津包子,Flushing,Chinese,NYC,ChIJg6v9DxJgwokReX0z4bIMWXk,"41-41 Kissena Blvd #101, Queens, NY 11354",4.3,391,https://lh3.googleusercontent.com/gps-cs-s/AHVAwepxpewogrYlTDbSwiwEsQnfmrtUEBcVwkdZqNIRK3FRAnD7C0XdNx-k0fyHjC6StL00ZK6MFS84gn_wppiB1WYqAHUg484zD9p6Vrd2yr3kfYp9TchU9TDUZFoMJQbQjOAML5mQ7_Vobkw=w408-h544-k-no,https://www.google.com/maps/search/?api=1&query=Bao%20%26%20Pancakes%20Inc.%20%E6%96%B0%E5%A4%A9%E6%B4%A5%E5%8C%85%E5%AD%90&query_place_id=ChIJg6v9DxJgwokReX0z4bIMWXk,0.33836382351147243
r_b8e5ae,50.0,0.27409652146258984,0.0,0.74,4.733063389993025,4.852826709190971,0.11976331919794614,4.673181730394052,Guk Su Jip 국수집 - 北方面家 - kalguksu ( 칼국수) & Naengmyeon (냉면) & Dolsot Bibimbap,Flushing,Chinese,NYC,ChIJf_dNGb9hwokRWhT4pBPwpqA,"160-28 Northern Blvd, Flushing, NY 11358",4.7,653,https://lh3.googleusercontent.com/gps-cs-s/AHVAwepKS8grv157gGFqDTBL_Z8X1nyQboJXL4QZjOFKVDtISMpZHiE8KWGeLKZ4xk4xH4HRd0ZglbQo2PvKIJgai5U6Fi67ktqKhTlR8keDK8ONi5GFOz5LH-74Y7r9b2UFvXiydtuRAg=w408-h612-k-no,https://www.google.com/maps/search/?api=1&query=Guk%20Su%20Jip%20%EA%B5%AD%EC%88%98%EC%A7%91%20-%20%E5%8C%97%E6%96%B9%E9%9D%A2%E5%AE%B6%20-%20kalguksu%20(%20%EC%B9%BC%EA%B5%AD%EC%88%98)%20%26%20Naengmyeon%20(%EB%83%89%EB%A9%B4)%20%26%20Dolsot%20Bibimbap&query_place_id=ChIJf_dNGb9hwokRWhT4pBPwpqA,0.7812739016231366
r_b92a6a,50.0,0.1986446331272336,0.04,0.92,3.7196119649337613,3.3956458748994756,0.0,3.7196119649337613,Mamoun's Falafel,Manhattan,Restaurant,NYC,ChIJAebgRK1ZwokRyY9D6z9ROmc,"1105 Lexington Ave, New York, NY 10075",3.6,57,https://lh3.googleusercontent.com/gps-cs-s/AHVAwepLYAdWKOGpUygj68w3ZhbHp_3s-FZmNwf8Dj-4bDPrUAClB5nUug9TeDgHCW1GoNtbyk8T1JX4Z4tclBUgXGw_dQNN5u6Rk2Np61hloJ44Rusucpcn61zsV9ZSVfDDjJDhCK1e=w408-h544-k-no,https://www.google.com/maps/search/?api=1&query=Mamoun's%20Falafel&query_place_id=ChIJAebgRK1ZwokRyY9D6z9ROmc,0.1430886661993397
r_ba6042,50.0,0.33303927615410367,0.0,0.62,4.798272310615366,4.411034649713703,0.0,4.798272310615366,empire express,East Bronx,Chinese,NYC,ChIJ0Y_bgTiLwokRwiSn5vbYy-Q,"3482 E Tremont Ave, Bronx, NY 10465",4.7,255,https://lh3.googleusercontent.com/gps-cs-s/AHVAwerDl27Y7Z8ydL5H6gxS1In_W0pMQ0rWcqIEG0TysLpTThavd3EOFmWSlsNIozUV8FWVPrgsRICSF04SvVPlLGzRlW1osSUH64V33xbtSVFtZ8ur1EcSplBypL2G5czzHppx3CNR=w408-h306-k-no,https://www.google.com/maps/search/?api=1&query=empire%20express&query_place_id=ChIJ0Y_bgTiLwokRwiSn5vbYy-Q,0.8649919097641601
r_bacbb8,50.0,0.2048572353419213,0.0,0.92,4.718300854681607,4.896506771425785,0.17820591674417763,4.629197896309519,Moshe's falafel,Manhattan,Mediterranean,NYC,ChIJpWnB11lZwokR0L7eQmeOZ8E,"142w W 83rd St, New York, NY 10024",4.8,189,https://lh3.googleusercontent.com/gps-cs-s/AHVAweo6Hxh0xqLEXFGbeWxU5SUx8pG_IzAZuy3PsJbgIL8ehnge-nypNntTSZuEl9SXJIWoWdCLvLycLtnzU6BGC6btQ1Fe_HOCzy9Uh-FJkdziYy7z-l6J-VvW1qZgbrwH-XOkmd5LdXak3X9g=w426-h240-k-no,https://www.google.com/maps/search/?api=1&query=Moshe's%20falafel&query_place_id=ChIJpWnB11lZwokR0L7eQmeOZ8E,0.751837320759512
r_bb744e,50.0,0.22089992882665763,0.0,0.78,4.580145330114668,4.506447406687549,0.0,4.580145330114668,RAIRAIKEN UPTOWN,Manhattan,Ramen,NYC,ChIJcRgR0W72wokRfT2l0W4NVIs,"1467 Amsterdam Ave, New York, NY 10027",4.2,222,https://lh3.googleusercontent.com/gps-cs-s/AHVAweqH9nYRj6a1vVYFiulhxbBggk4YY7F7kw7kwHXGy4o8_c_b3FWlvXGDk43Y4nskCMjQXX_JGbGbTNZFq5TvygSqt3tj41W0fKFPsrs4K6BxByQTN7rz0f5zkWS-PZDqswrFTG8=w426-h240-k-no,https://www.google.com/maps/search/?api=1&query=RAIRAIKEN%20UPTOWN&query_place_id=ChIJcRgR0W72wokRfT2l0W4NVIs,0.719008444845969
r_bd3042,50.0,0.21288264166310525,0.0,0.92,3.9477886452765714,4.395258582247112,0.4474699369705406,3.724053676791301,Chopin Noodle House肖邦拉面馆（New York）,Flushing,Restaurant,NYC,ChIJ8VIl8BJhwokRlkOoUfdeDhc,"37-11 Main St Food Court #25, Flushing, NY 11354",4.3,50,https://lh3.googleusercontent.com/gps-cs-s/AHVAwepg-BfrLsSRHENX6cc62J35pwuq2Fj7AN3qdCgSRpISko8W2WVqpV-F0fS0B--kyldxiQlhcgc-jsU2sVNO5rtwXpdC4YnOQCmfxDV9nF3LSt2Zv546pytCLF8c92wWm1gOTvkp3J5tOoy7=w408-h544-k-no,https://www.google.com/maps/search/?api=1&query=Chopin%20Noodle%20House%E8%82%96%E9%82%A6%E6%8B%89%E9%9D%A2%E9%A6%86%EF%BC%88New%20York%EF%BC%89&query_place_id=ChIJ8VIl8BJhwokRlkOoUfdeDhc,0.14606132224419682
r_beb0b5,50.0,0.2341499908369319,0.0,0.84,4.550633897420614,4.562863580083439,0.012229682662825425,4.544519056089201,Joe's Pizza,East Bronx,Pizza,NYC,ChIJl7kQ77_0wokRW1tyHJZMFiQ,"1858 Archer St # A, Bronx, NY 10460",4.6,209,https://lh3.googleusercontent.com/gps-cs-s/AHVAweqkpErIyGzyuXTlTff39LtUHwFM3tQ1ynd8kpB8mABzAuUJd1CoT81oL-JYsvcb7Dr2N8Jpl8byKLc8FHh0MCJsv7fLA5xmCZEhpNj8PzJq84h8K8a4uMLC-8Mbi24QXyM9V6QMbw=w508-h240-k-no,https://www.google.com/maps/search/?api=1&query=Joe's%20Pizza&query_place_id=ChIJl7kQ77_0wokRW1tyHJZMFiQ,0.6951652370391018
r_bee9a5,50.0,0.26356001190149525,0.0,0.76,4.738956553146797,4.387323619938724,0.0,4.738956553146797,Dim Sum Bloom Bayside,Bayside,Chinese,NYC,ChIJAZ0gmrqLwokRzlo8dYx28ko,"208-06 Cross Island Pkwy, Bayside, NY 11360",4.3,119,https://lh3.googleusercontent.com/gps-cs-s/AHVAwercPT8kNH9Q4p3xa6mnO8HNzZcJh7jCNwL628wZE2tupjQIYAtkwBrOznLaNIgpUeV1346SfP3h1l-rkyaN8YizKZCas7qaGP4Opidxnoahqab2PlHZfAAEAtPRK_ra-yEGgXVRcGS9JGL1=w408-h306-k-no,https://www.google.com/maps/search/?api=1&query=Dim%20Sum%20Bloom%20Bayside&query_place_id=ChIJAZ0gmrqLwokRzlo8dYx28ko,0.8252942997773886
r_c0e50d,50.0,0.21160067122438103,0.0,0.9,4.517062244483239,4.444684906755343,0.0,4.517062244483239,Yasubee Authentic Ramen,Flushing,Japanese,NYC,ChIJn8P0yZ1hwokR_9Q19AbMBOM,"136-17 39th Ave, Queens, NY 11354",4.6,286,https://lh3.googleusercontent.com/gps-cs-s/AHVAwepUkEVirvXcOT6de7g6zCj1int7NgHlA7qBpXnstHXwhn-_yGV1PtnZewFif2r8ZsKQAqohVwHPO_-yh_xXnDOqalfgLIN0gHbK5vY94lkq0kYTVB_xnskzxyXl1bKTLcy3FBDN=w408-h306-k-no,https://www.google.com/maps/search/?api=1&query=Yasubee%20Authentic%20Ramen&query_place_id=ChIJn8P0yZ1hwokR_9Q19AbMBOM,0.6767895162335251
r_c17d42,50.0,0.30344683658537397,0.0,0.74,4.382146420126,4.436490556169307,0.05434413604330679,4.354974352104347,Moon Cheese Restaurant,East Elmhurst,Restaurant,NYC,ChIJ101DLXNfwokRHsFnwAPNyWY,"88-11 31st Ave, East Elmhurst, NY 11369",4.8,1054,https://lh3.googleusercontent.com/gps-cs-s/AHVAweoBg79d0mcBbfXkuv6hZ-h_T2PlVW4PdBx2RHekikhzt2f3FaNwJDx-RutGL5b9BYfCrUE8sRQxrO2e3D8yRHFzRL8aM0mKfTkGp3v_eIJOStMWUX-IKf86_CHGreza1h3ixQ3T=w408-h544-k-no,https://www.google.com/maps/search/?api=1&query=Moon%20Cheese%20Restaurant&query_place_id=ChIJ101DLXNfwokRHsFnwAPNyWY,0.5683107205501924
r_c4bdb4,50.0,0.3101094370438487,0.0,0.74,4.94237259851249,4.880953294078284,0.0,4.94237259851249,Meijin,Manhattan,Japanese,NYC,ChIJx1q8UrlYwokRjOmzO2_-otA,"1574 2nd Ave, New York, NY 10028",4.7,2191,https://lh3.googleusercontent.com/gps-cs-s/AHVAweopctLXwFxkeuWGzwz6qM3R8NO5PlAO_NwB4OC73Hif34ZCFkLTXGZ7_6WzxT0fQLj1LMAF7RxYEH9NuKWx9p0Jtl_x6BJQb2p010rDz0BvWE-otw3lA4IovvlZarM_bs_atLpD9T9n0Arw=w408-h288-k-no,https://www.google.com/maps/search/?api=1&query=Meijin&query_place_id=ChIJx1q8UrlYwokRjOmzO2_-otA,0.9614323376041433
r_c5b2fb,50.0,0.18467026067845724,0.0,0.98,4.446051289810989,4.512219255466091,0.06616796565510175,4.412967306983438,Little Dumpling,Little Neck,Chinese,NYC,ChIJIdXV4O-JwokR1jtxckH_DrM,"252-20 Northern Blvd, Little Neck, NY 11362",4.3,914,https://lh3.googleusercontent.com/gps-cs-s/AHVAweoaSI8une_DrpIe3b9H7qnxXolA7E2b8ECp-guTaqiWXAmXsR1i_l8wJYBSyBtiJvJxCAPVp4s6a35D9jmnB8nIp0m9TT5BiybKG2Ub1EIkmA9FdH602KNGE_b0rGIQoeumv6NM=w408-h544-k-no,https://www.google.com/maps/search/?api=1&query=Little%20Dumpling&query_place_id=ChIJIdXV4O-JwokR1jtxckH_DrM,0.6071230328769883
r_c60f67,50.0,0.32492113442636783,0.0,0.68,4.972300970769755,4.924453271164601,0.0,4.972300970769755,Xi'an Famous Foods 西安名吃 | Tangram Flushing,Flushing,Chinese,NYC,ChIJVePn8w5gwokRycLcg4MskL8,"133-33 39th Ave Level C, Flushing, NY 11354",4.5,284,https://lh3.googleusercontent.com/gps-cs-s/AHVAwerB_UcNyCSlXf1BDQyYrf97gC24UGpww1A2jNii9nKJH2tByVhJ0vSe39Zn_tTf5aAA-7ZtsYULFx-ilvRhWZkeEbYpkdSf3ZLK-E0JG-zPbnDfJn7Rh09wroG1nejaG3Xixn_c=w408-h306-k-no,https://www.google.com/maps/search/?api=1&query=Xi'an%20Famous%20Foods%20%E8%A5%BF%E5%AE%89%E5%90%8D%E5%90%83%20%7C%20Tangram%20Flushing&query_place_id=ChIJVePn8w5gwokRycLcg4MskL8,0.9814621728471201
r_c66fee,50.0,0.2582627364559002,0.02,0.68,4.239794184498087,4.104625971028392,0.0,4.239794184498087,Giovani's Big Pizza,West Bronx,Pizza,NYC,ChIJrZnZY7L1wokRiUEXQqiT-_A,"839 Prospect Ave, Bronx, NY 10459",4.3,278,http://t0.gstatic.com/images?q=tbn:ANd9GcRgYAQ3JXUGgU2D2n5pHbk6IpzP4cYqHJ2DmdKzJSMdP0saC7Dp,https://www.google.com/maps/search/?api=1&query=Giovani's%20Big%20Pizza&query_place_id=ChIJrZnZY7L1wokRiUEXQqiT-_A,0.4912253461576101
r_c7d735,50.0,0.1833888002153489,0.0,0.94,5.000000000000001,5.0,0.0,5.000000000000001,Hanami Ramen,Flushing,Ramen,NYC,ChIJEQzd-ZthwokRPhvKnAPYjAs,"147-07 45th Ave, Flushing, NY 11355",4.9,103,https://lh3.googleusercontent.com/gps-cs-s/AHVAweqoaHxqNm8djktG6U9GqvMT3utkr5uesCn_z56NLhz3sycZ1pKjich8bibNvptgBeV9ybWt6uWUoxnXSPCGrK-UvlfgM05esZwClGGanD81xcBxWzqcjcaEQbVBcfFqT4TpgIfsvZTgiB0=w408-h544-k-no,https://www.google.com/maps/search/?api=1&query=Hanami%20Ramen&query_place_id=ChIJEQzd-ZthwokRPhvKnAPYjAs,1.0
r_c9bd9d,50.0,0.2236103085789107,0.02,0.86,4.339389117610991,4.52049775924125,0.1811086416302592,4.248834796795862,Falafel on Broadway,Manhattan,Restaurant,NYC,ChIJV0P0gVX3wokRkwbJsV08lj8,"3151 Broadway, New York, NY 10027",4.6,74,https://lh3.googleusercontent.com/gps-cs-s/AHVAweqT2WYKkcCeTIQlbzT-vrDFRvEEVfHW-zcZEsyOOOmuKQDNcrJOHF9xef3TDdH6P6kVxafLoWuI9loBqrLZt_tzUdDiWWe7cBXPhwufUfJeLQzdmsNkXHVidZUMhrTIPu6WUJGY=w408-h544-k-no,https://www.google.com/maps/search/?api=1&query=Falafel%20on%20Broadway&query_place_id=ChIJV0P0gVX3wokRkwbJsV08lj8,0.4972758581354576
r_ca8c2e,50.0,0.19283596150695445,0.0,0.94,4.6467593399509415,4.5640508237544335,0.0,4.6467593399509415,Frank's Pizza,East Bronx,Pizza,NYC,ChIJIUgK9lGLwokRks_WipIpr8o,"2823 Middletown Rd, Bronx, NY 10461",4.4,652,https://lh3.googleusercontent.com/gps-cs-s/AHVAwerzEJNPyTV_NBISib3kiu1xCH1Vnlu3tYL2h2LBb7fZQMVDg5vz2-XtlPdFv3Tnm1vYCREY6ZaxEsYmgLCVSD9zwsXSHCx6YBdDMxgC4k2tzdelWSGz04DiHBvKOSpWIvranTYN=w426-h240-k-no,https://www.google.com/maps/search/?api=1&query=Frank's%20Pizza&query_place_id=ChIJIUgK9lGLwokRks_WipIpr8o,0.763590476585791
r_cd0d2b,50.0,0.21608939798550697,0.0,0.86,4.3393306765877915,4.59531563571008,0.2559849591222889,4.211338197026647,The BLVD,East Bronx,Restaurant,NYC,ChIJwWp0pnSLwokRvl6QQCLBxGo,"2918 Bruckner Blvd, Bronx, NY 10465",4.7,67,https://lh3.googleusercontent.com/gps-cs-s/AHVAwerxSeeEwe3AULuH9dXNt8i9YoDvdGPtrj_vqnu31KyIMbLwWAH0NvvJ2AOelzZGqaCuVj7pa_0iPeU2vZDV8PrVytT06lGNrheES1HXyWs1GB6ABNier2D_is8upcZR6X-6lrUltbg5gVHg=w408-h544-k-no,https://www.google.com/maps/search/?api=1&query=The%20BLVD&query_place_id=ChIJwWp0pnSLwokRvl6QQCLBxGo,0.47218091781952043
r_cdffbb,50.0,0.2345624997951674,0.0,0.82,4.64138521131885,4.639575512527664,0.0,4.64138521131885,Cross Bronx Pizzeria,East Bronx,Pizza,NYC,ChIJCTMn2of1wokR5naElUYHbfE,"1105 Castle Hill Ave, Bronx, NY 10472",4.5,423,https://lh3.googleusercontent.com/gps-cs-s/AHVAwepOEoM_zxrnVPXBp9Ks43Tl1L8gMPhBOflz8m0lIK-naHLOIPelrSi_efmuDel6mZpXICuUxVYPZLDYgdKV8n1Ki8p82OXV-yErNm4f9MJihOVadC84FtCNUM6v_VSfGsx0br-6=w408-h306-k-no,https://www.google.com/maps/search/?api=1&query=Cross%20Bronx%20Pizzeria&query_place_id=ChIJCTMn2of1wokR5naElUYHbfE,0.7599937921369994
r_cf0f49,50.0,0.17236872282367327,0.0,0.96,3.6500966273858415,3.7828893040825493,0.1327926766967078,3.5837002890374876,Amore Pizza,Flushing,Pizza,NYC,ChIJjTFV6wNgwokR3Vtyb77DlCE,"30-30 Stratton St, Flushing, NY 11354",4.4,2113,https://lh3.googleusercontent.com/gps-cs-s/AHVAwepJj5NIMTHtmsP76ni0-1VxraV7xqhxnKGBHXZfAyIMbecVKaXLqU6pW_JM-sAPBcbxbOBeNqbHyFVXI4ipg5Y77QYUE67Tq5r9d41xXKz7E0IQfXa5Cx_v1WRFwRMHosCXH_LEjQ=w408-h544-k-no,https://www.google.com/maps/search/?api=1&query=Amore%20Pizza&query_place_id=ChIJjTFV6wNgwokR3Vtyb77DlCE,0.052128541392070765
r_d184fb,50.0,0.22292635025790017,0.02,0.9,4.397229761389594,4.323581965703062,0.0,4.397229761389594,HinoMaru Ramen,Astoria,Japanese,NYC,ChIJ0XAgMmZfwokRuSI-VKOVt3A,"33-18 Ditmars Blvd, Astoria, NY 11105",4.5,1127,https://lh3.googleusercontent.com/gps-cs-s/AHVAweofXfwbFDo1wGxrTGSw7Dj1_nVtbhN3CcEWT2nCT4VGWDM3qhlqOkc-3ly5tP_NSL21HEMfC0xkpUAb_4frDXXyqDYy3cety2Gvu1sjHLL6w1sxelAMO-8dy3euTL738FajJNCD=w408-h273-k-no,https://www.google.com/maps/search/?api=1&query=HinoMaru%20Ramen&query_place_id=ChIJ0XAgMmZfwokRuSI-VKOVt3A,0.5965905374019962
r_d264d2,50.0,0.17751200979257634,0.0,0.74,4.6237319344520875,4.655669258596223,0.03193732414413564,4.607763272380019,Friends Halal,Manhattan,Halal,NYC,ChIJUduE5F1ZwokRUt-_t9UQ_3Q,"1470 2nd Ave, New York, NY 10075",4.5,78,https://lh3.googleusercontent.com/gps-cs-s/AHVAwerAtzisbZFJ2gNJsAS3_2EDQ0jzspDh77PGppADN2qe8StU2YIaNprLxNAe1E5eMk1kHUEIQMoFb8icEcJlvo2ySHTfuYV9fVZz1taf2gPjcvjDfIALDbOQZtWlkaR2bmcu0H2G=w426-h240-k-no,https://www.google.com/maps/search/?api=1&query=Friends%20Halal&query_place_id=ChIJUduE5F1ZwokRUt-_t9UQ_3Q,0.7374920038103477
r_d6137b,50.0,0.20416639245449172,0.0,0.88,4.748244559831476,4.938931958214367,0.19068739838289073,4.652900860640031,Seichou Ramen,Elmhurst,Restaurant,NYC,ChIJPeWzOO9fwokR_u6ECew2TjY,"85-07 Whitney Ave, Elmhurst, NY 11373",4.9,139,https://lh3.googleusercontent.com/gps-cs-s/AHVAweqf2O57e647y_u8MHrDCxHFERm3tkaVmhISp1ngCI6VB3X_Jz2-dNXwVpDObG5rN-H4nSZYCzaa5yBgJ8L5nwYKtnN9npdqtyYb4Qm-NZAyCdDg3UhtYDkE3pGEoCpf72saWMYK3oEsRmtu=w408-h544-k-no,https://www.google.com/maps/search/?api=1&query=Seichou%20Ramen&query_place_id=ChIJPeWzOO9fwokR_u6ECew2TjY,0.7677007451458842
r_d87a8a,50.0,0.24517288400528117,0.0,0.82,4.852537815434929,4.835927633885731,0.0,4.852537815434929,Pranam Restaurant & Bar,Astoria,Indian,NYC,ChIJJyDIY_5fwokRsGZh1TaP5v8,"45-15 28th Ave, Queens, NY 11103",4.9,428,https://lh3.googleusercontent.com/gps-cs-s/AHVAwerOvqwWzoDx81EfmVo4Y1gbEAq03he66Ra1WOmJYJNnsM1F8-AiG7XfOMxD7KHg63n4xw8WW8hdU8Z_rJr3yeKIxjYRNICK3_Ap6D-457F16t91En9BndRU7300GaA-YVzB-iM=w408-h302-k-no,https://www.google.com/maps/search/?api=1&query=Pranam%20Restaurant%20%26%20Bar&query_place_id=ChIJJyDIY_5fwokRsGZh1TaP5v8,0.9013095922485113
r_d98771,50.0,0.2974347021943573,0.0,0.7,4.795233167295443,4.83048516847158,0.03525200117613725,4.777607166707375,Kuu,Manhattan,Japanese,NYC,ChIJZZGTpsRZwokR_Y_DVDs_wNM,"1275 1st Ave, New York, NY 10065",4.8,2236,https://lh3.googleusercontent.com/gps-cs-s/AHVAweq6T-s98G_oZB0sOxh_F5H48pFATdhIhLjKvTjF9VDVyDpWM9zJRvQumDLPbyvipGTCAlyflxVG91H0VOw228zrX3alUP473gZOPJZd4TFva24a-mfwR2ntZVMP5vENkybCqa8=w408-h544-k-no,https://www.google.com/maps/search/?api=1&query=Kuu&query_place_id=ChIJZZGTpsRZwokR_Y_DVDs_wNM,0.8511615743155291
r_da550e,50.0,0.33338830660830077,0.02,0.62,4.584710600012105,4.3976292732841245,0.0,4.584710600012105,Halal bites parkchester,East Bronx,Restaurant,NYC,ChIJ8-GcBdX1wokRYd6VZBd98c0,"11 Hugh J. Grant Cir, Bronx, NY 10462",4.6,82,https://lh3.googleusercontent.com/gps-cs-s/AHVAwerBbBErIPDCUYHr_Q76JsOwiGurVZtK8EW3Ci77ZtDv3vctI0GxsocoPHkgdObuRvROCJbelSfQB3wUVF5OJSeNLx-4QPY2i6cJNfiIkbytfkw1K_E3dsULujlpJr227xY_bS5TaoDx_cvX=w408-h725-k-no,https://www.google.com/maps/search/?api=1&query=Halal%20bites%20parkchester&query_place_id=ChIJ8-GcBdX1wokRYd6VZBd98c0,0.7220637932324218
r_db22a4,50.0,0.2676680300219541,0.02,0.78,4.714542202328106,4.721994830228616,0.007452627900510045,4.7108158883778515,2 Paradise,East Bronx,Restaurant,NYC,ChIJY-rrHpj0wokRSxqWR6vu4m0,"700 Rhinelander Ave, Bronx, NY 10462",4.5,507,https://lh3.googleusercontent.com/gps-cs-s/AHVAweoSHmdXYIsi0bO7Es2CV4BWMXlmJXfB_gb8hTYy1yUDl7txtnthnb1Fnzvy1RzrJ1MOTWWbl4gu82JvJMv9JDKVmcfbyEpx5TL_U3rxkp-ulP3_91SnN_A9NIbaOP-irPUxh9DJ4w=w408-h306-k-no,https://www.google.com/maps/search/?api=1&query=2%20Paradise&query_place_id=ChIJY-rrHpj0wokRSxqWR6vu4m0,0.8064609040248684
r_dc87a9,50.0,0.3354784013546265,0.0,0.62,4.8775158296782335,4.790963594513147,0.0,4.8775158296782335,South of the Clouds云之南upper westside,Manhattan,Chinese,NYC,ChIJUSdTivr3wokRQP6vO1vu_Zc,"1187 Amsterdam Ave, New York, NY 10027",4.8,79,https://lh3.googleusercontent.com/gps-cs-s/AHVAwepA3ZpK4MRi24HMHyrVCUNJLl_PmUU4-UFkPsSr914wyII9uRNUlqA2tQfwh4hMpnEq8G-tVNR_UjCf8Nf7cQN21nHVud4EyvekwjI4t1ByTbj9RW-xsI0ZqZnrUWS8AkKHDzbzLNvpn0o=w408-h544-k-no,https://www.google.com/maps/search/?api=1&query=South%20of%20the%20Clouds%E4%BA%91%E4%B9%8B%E5%8D%97upper%20westside&query_place_id=ChIJUSdTivr3wokRQP6vO1vu_Zc,0.9180263553818174
r_dff4cb,50.0,0.17956046627400343,0.0,0.94,3.9985288683893825,3.854058906232528,0.0,3.9985288683893825,Havana Cafe Takeout,East Bronx,Restaurant,NYC,ChIJw8zkWsj0wokR_JAkW37dgIM,"2164 Newbold Ave, Bronx, NY 10462",4.3,1492,https://lh3.googleusercontent.com/gps-cs-s/AHVAwepVb4LEaD_S2476QHzuleIMwfMYCaojhgMXhtbrofeLY6a4jbql3XK7VHeipmJXCkK02nuZZrgiZSs0FSlisvCVnkFJbToIJnr3wmE0O6Dz_cxYcXAKUrTROmS8HdySCX1Ev8S6-A=w427-h240-k-no,https://www.google.com/maps/search/?api=1&query=Havana%20Cafe%20Takeout&query_place_id=ChIJw8zkWsj0wokR_JAkW37dgIM,0.32975633975920826
r_e16470,50.0,0.2201917930731373,0.0,0.86,4.436967032059745,4.338267080743428,0.0,4.436967032059745,Daimaru Ramen 大丸制面,Flushing,Ramen,NYC,ChIJyTN8ks5hwokRLGNNWaXUV1k,"136-20 Roosevelt Ave, Flushing, NY 11354",4.4,79,https://lh3.googleusercontent.com/gps-cs-s/AHVAwerU9KL2d34bqsPhPo8WWh30rriFFTMne8nvoyVgwHbKZ9Bsy_LhOTabrQhgLknxl8RxQ9KrsGlrZEjQ5FMMWsRgi5KkROkT2j5k0bywTbaPKtP0URroSG5Xx3l4cQ1AbFOwmu1aMQ=w426-h240-k-no,https://www.google.com/maps/search/?api=1&query=Daimaru%20Ramen%20%E5%A4%A7%E4%B8%B8%E5%88%B6%E9%9D%A2&query_place_id=ChIJyTN8ks5hwokRLGNNWaXUV1k,0.6231850670906427
r_e269b5,50.0,0.24921627389296164,0.0,0.8,4.653155813879955,4.6622718693857585,0.009116055505803189,4.648597786127054,Pop Pot Noodle & Tea House,Jackson Heights,Ramen,NYC,ChIJ1cIIHC5fwokRICAj-qhYGMQ,"85-17 37th Ave, Jackson Heights, NY 11372",4.6,69,https://lh3.googleusercontent.com/gps-cs-s/AHVAwepnGkucXfWbAW9okAiqLF2ZD9MECSWWK718rFbd8nDUM5tqSXWCsG91mQOtfux2nVP7VN4T6qcw0oNEdG9CVwwQU3NHwzpymusmJGTZ6-jd_tOtdn009kClZif0jMBGOH9dYurJig=w408-h541-k-no,https://www.google.com/maps/search/?api=1&query=Pop%20Pot%20Noodle%20%26%20Tea%20House&query_place_id=ChIJ1cIIHC5fwokRICAj-qhYGMQ,0.7648208734043709
r_e430d8,50.0,0.18805473688663155,0.0,0.96,4.615806281127853,4.694867914699061,0.07906163357120821,4.576275464342249,Louie & Ernie's Pizza,East Bronx,Pizza,NYC,ChIJHaL2lUWLwokRaeoqV_Sr8KM,"1300 Crosby Ave, Bronx, NY 10461",4.6,1802,https://lh3.googleusercontent.com/gps-cs-s/AHVAwerm_yXr9XQydgsRvKPMC1NXIJxsr1FQJqvs7w2yAKt9Fbk95Vr10vCf951EXw9w34_ZzZi0EnLxJooODzDEup1o4vxAdRkPXDrEASJcRLiT8M1Ul-8APr06k2CNEi-HuhoTtDViI47KZbFc=w408-h306-k-no,https://www.google.com/maps/search/?api=1&query=Louie%20%26%20Ernie's%20Pizza&query_place_id=ChIJHaL2lUWLwokRaeoqV_Sr8KM,0.7164185019928233
r_e45a41,50.0,0.23357084757711483,0.0,0.84,4.778043442322447,4.728406183350523,0.0,4.778043442322447,Hunan Noodle,Flushing,Chinese,NYC,ChIJy_9PnVphwokRto0GMT_5mH8,"36-36 Prince St #102, Flushing, NY 11354",4.7,644,https://lh3.googleusercontent.com/gps-cs-s/AHVAweqj_RGOqexummQdjKBXdrVY15BaFyXnGcSyIk_Ead23B500-_clSPq4jkop12tqFEhcji9ljU6ghKEZb04ZDyfW6xE4_lln7J0v1E902j29wFx67x0tN8iUL2q_znBj_RBV5MzTuA=w408-h272-k-no,https://www.google.com/maps/search/?api=1&query=Hunan%20Noodle&query_place_id=ChIJy_9PnVphwokRto0GMT_5mH8,0.8514535557375496
r_e481f3,50.0,0.20822636219842433,0.0,0.94,4.458043143047702,4.4352548836434105,0.0,4.458043143047702,Pye Boat Noodle,Astoria,Thai,NYC,ChIJTYvtiMhfwokRg3ijmDwTEXs,"35-13 Broadway, Astoria, NY 11106",4.6,827,https://lh3.googleusercontent.com/gps-cs-s/AHVAweoomd0a1205J2poeG-sgR8AnKxw6pgqQmWwJdfHCYrNxiQ-J5pcvlr8NoeMF4p7odC9Jn2unN1zuREttAgA-amy81ML6hzpizUzu0EmSaJ17_WpQg9g1x36qZRFLVlJWguem0GprxsfSNor=w408-h544-k-no,https://www.google.com/maps/search/?api=1&query=Pye%20Boat%20Noodle&query_place_id=ChIJTYvtiMhfwokRg3ijmDwTEXs,0.6372904459940673
r_e523db,50.0,0.1970905533327854,0.0,0.96,3.843210666891656,3.9139401038712185,0.07072943697956235,3.8078459484018747,Naruto Ramen,Manhattan,Ramen,NYC,ChIJraOwu6RYwokRrnPWYrww8sk,"1596 3rd Ave, New York, NY 10128",4.4,2410,https://lh3.googleusercontent.com/gps-cs-s/AHVAwerpmkNRiDr7Jq9sHWQ1bmonzkR5LNaqdBYuXfwmxZg5wfA8ey6ErO1vZnmpHEr3IU9HemJLCS-VQCLISK-4_YAEt82xfRNkA8dCG96RIJZjvkAcN4Ox16dCB5d552BeQ50uhtZjGw=w408-h383-k-no,https://www.google.com/maps/search/?api=1&query=Naruto%20Ramen&query_place_id=ChIJraOwu6RYwokRrnPWYrww8sk,0.20214006186182332
r_e86a8b,50.0,0.25688669771266426,0.02,0.74,4.598596558711389,4.41208858168449,0.0,4.598596558711389,Arth Aljanatain,East Bronx,Restaurant,NYC,ChIJ9UxILNn1wokRcGOKZ15EcIY,"700 Rhinelander Ave, Bronx, NY 10462",4.6,151,https://lh3.googleusercontent.com/gps-cs-s/AHVAweqITAQWp8iPFsjo0Zigo4BI5UuZggLy3EMxZtq0NxK0ZK1UNrcpDpkV1lTZLJnicjPIuVPYI3pr70bcOAkSCabcgg3hN7WWDYkYtrTp09B5vg_RBjOfZVGtjtSPmmKOSnmpsybD=w408-h391-k-no,https://www.google.com/maps/search/?api=1&query=Arth%20Aljanatain&query_place_id=ChIJ9UxILNn1wokRcGOKZ15EcIY,0.7313570973435372
r_e87e85,50.0,0.25810484968561015,0.02,0.76,4.239408843532432,4.482827548171544,0.24341870463911164,4.117699491212877,Pizza Italia,West Bronx,Pizza,NYC,ChIJy-r0Ron0wokRbby6WX1CbcE,"842 E 180th St, Bronx, NY 10460",4.4,412,https://lh3.googleusercontent.com/gps-cs-s/AHVAweqmBJEebJdDWXn9RNdRrpjj2BEI22nyX6Q4ojboPMOtUaYK9bpOC4OOpf8OvPnNHTGtc0-9nLpFMmAV2aa8dgdaoL5-aOJ51HppgPDQnbGIlT9mLgAWOW6HnkSqs-UvBvCQYejpnNGFgvY=w426-h240-k-no,https://www.google.com/maps/search/?api=1&query=Pizza%20Italia&query_place_id=ChIJy-r0Ron0wokRbby6WX1CbcE,0.4095123625872822
r_eab26a,50.0,0.20325099915489683,0.0,0.66,3.7484651756185197,4.233774801493769,0.48530962587524895,3.5058103626808954,Kabab Cafe,Astoria,Restaurant,NYC,ChIJR3kMeWpfwokRhQMUqlJb9jE,"25-12 Steinway St, Astoria, NY 11103",4.4,175,https://lh3.googleusercontent.com/gps-cs-s/AHVAwepOus3KtnhO_nhqA2ENc0mfHi9JjPp2NBcg1MSGj5JXI3dXjvmawB9pY0XlN_aJB2W0QgCXjCPYcuw-Zc8BdSiOvHMUcTUsar2oXaWUjeERa4n4ibrRJgEZpDffLqBDYnHqRRHM=w408-h541-k-no,https://www.google.com/maps/search/?api=1&query=Kabab%20Cafe&query_place_id=ChIJR3kMeWpfwokRhQMUqlJb9jE,0.0
r_ee2709,50.0,0.339971902712816,0.0,0.62,4.613375017005974,4.471903741177324,0.0,4.613375017005974,Champion Pizza Ditmars,Astoria,Pizza,NYC,ChIJBctIrUhfwokRtpKFzdnLxEo,"22-36A 31st St, Astoria, NY 11105",4.6,440,https://lh3.googleusercontent.com/gps-cs-s/AHVAwerDUmXNMZS6-vxXUMVBYXqscHvurO6IcC51kVRKj-EvHAWsM1Y48A1lck0OC5DFR_CXQAqJaxQcftapNrU08JWEXHvooHFxxmiCVOgzl0nMT5eSiGM9yuCtQCO-yI5QANFYOu6J=w408-h306-k-no,https://www.google.com/maps/search/?api=1&query=Champion%20Pizza%20Ditmars&query_place_id=ChIJBctIrUhfwokRtpKFzdnLxEo,0.7412477149234454
r_ef7b63,50.0,0.22224311870972316,0.02,0.82,4.263207239469613,3.924788839322565,0.0,4.263207239469613,游子老鸭粉丝馆 Yozi,Flushing,Restaurant,NYC,ChIJPf4AxBFgwokRc4idQim7fbM,"136-20 Roosevelt Ave Store #20, 136-20 Roosevelt Ave #20, Flushing, NY 11354",4.2,122,https://lh3.googleusercontent.com/gps-cs-s/AHVAwerj3ey48uvYpHmlpomrOlnTa3ypmmNfHzsb0JVpqg79M3Jycfiv49VkWr2eQQGjd-gA_QQyjJud3X87IcD2I9BDPIpnTs088vvuDaorjyCxH-SxB1ksjksk95gxHG-_sIiCcDai=w408-h306-k-no,https://www.google.com/maps/search/?api=1&query=%E6%B8%B8%E5%AD%90%E8%80%81%E9%B8%AD%E7%B2%89%E4%B8%9D%E9%A6%86%20Yozi&query_place_id=ChIJPf4AxBFgwokRc4idQim7fbM,0.5068947460696149
r_efafd4,50.0,0.24305719658304825,0.0,0.82,4.556054406898776,4.799065625541543,0.2430112186427671,4.434548797577392,Chief Beef Noodles,Flushing,Chinese,NYC,ChIJF967LQBhwokR97A3kSqGi9M,"135-03 Roosevelt Ave, Flushing, NY 11354",4.6,134,https://lh3.googleusercontent.com/gps-cs-s/AHVAweoVnNYYwtkkjCrfGiBozPphGwfIS9QrMn72S2IcCi-tMhA0wmv0_TDyBmKfOobSpnWMrxVEFSEWlhk8PdryPN5nFxr-aPCpuGNJRKFbJ96IPerFvmmVLCP67fq6iK7uQqhctbI=w408-h544-k-no,https://www.google.com/maps/search/?api=1&query=Chief%20Beef%20Noodles&query_place_id=ChIJF967LQBhwokR97A3kSqGi9M,0.6215666416766558
r_f0187a,50.0,0.28358044005500727,0.0,0.74,4.876376724535929,4.7697677919967445,0.0,4.876376724535929,Luciano’s Pizza,East Bronx,Pizza,NYC,ChIJIyiwrqX0wokR1x1J2xWMNsg,"1005 Morris Park Ave # A, Bronx, NY 10462",4.7,276,https://lh3.googleusercontent.com/gps-cs-s/AHVAwepInCwHEiTpbYb4zW-_w8abtjgdkcqgYCR0558tlmCEspveuTMIe5aYLHQWEGvFqfeJsppob8bZSGxTGGs4graI0SoAH0f6P3yQfKACZGG_rvuKy8B7yIlbqmOAm3a0HkLqj9uu=w408-h544-k-no,https://www.google.com/maps/search/?api=1&query=Luciano%E2%80%99s%20Pizza&query_place_id=ChIJIyiwrqX0wokR1x1J2xWMNsg,0.9172639989085464
r_f2fce8,50.0,0.18040516365745948,0.0,0.96,4.130018969376369,4.239806179634028,0.10978721025765914,4.07512536424754,Tamashii Ramen Gold - Bayside,Bayside,Japanese,NYC,ChIJ8R0ZPWBhwokRz5mde9e3aRU,"40-09 Bell Blvd, Bayside, NY 11361",4.5,214,https://lh3.googleusercontent.com/gps-cs-s/AHVAwerGkEta4kjzeDy9PneG447sART8fNibDnnINe5615bo-j0Qh6RisBjg2I-cAbo_SKNXqbT5zYtTw-cCtAKV1AWBeCw0LNuXBRwkkt5zBWvI2XSBE5fdbrbWmKbr8NfFjV2g-4ye=w408-h544-k-no,https://www.google.com/maps/search/?api=1&query=Tamashii%20Ramen%20Gold%20-%20Bayside&query_place_id=ChIJ8R0ZPWBhwokRz5mde9e3aRU,0.38101924103028617
r_f5b4a3,50.0,0.1786425591699169,0.0,0.96,4.8512817337406435,4.861896194419962,0.01061446067931815,4.845974503400985,Nana Good Eats,Whitestone,Mediterranean,NYC,ChIJ3V5aL9OLwokR19ojomHJkOY,"152-67A 10th Avenue Whitestone Plaza, 153-01 10th Ave, Whitestone, NY 11357",4.7,414,https://lh3.googleusercontent.com/gps-cs-s/AHVAwerBAZ22vR1hdN64-j9dSmf3G_vVbiiKfR0-1OXcjeqxNTlGF6Vtu1d54qW_7yWgvvFFoRXqmhxWu3cNnZX-9jSF2CBWbe50afuZOrasb4xMsOsRqTa3s5OzLyFLpOpDEBJt_sR1=w408-h544-k-no,https://www.google.com/maps/search/?api=1&query=Nana%20Good%20Eats&query_place_id=ChIJ3V5aL9OLwokR19ojomHJkOY,0.8969170359959325
r_f60778,50.0,0.2871899062963973,0.0,0.76,4.761830069579788,4.8714945245457075,0.10966445496591959,4.706997842096828,Reef Al–Yemen Restaurant — مطعم ريف اليمن,East Bronx,Restaurant,NYC,ChIJ-Uj2jo71wokR7dHu7WWpakg,"655 Morris Park Ave, Bronx, NY 10462",4.9,56,https://lh3.googleusercontent.com/gps-cs-s/AHVAweoL-hbDglftobXJSNTvmJ4AHmNaRQhJ4JKBlNdH9aqNaYIXRsNCnVuPkWMtQil13D89V4rs8Tff9w8Iya3A6Bqmtyc69RyCuFg2IjXBaIo3DyrpI-D5mQDA2fFwVUdoa3sbQO10VLg3lnii=w408-h544-k-no,https://www.google.com/maps/search/?api=1&query=Reef%20Al%E2%80%93Yemen%20Restaurant%20%E2%80%94%20%D9%85%D8%B7%D8%B9%D9%85%20%D8%B1%D9%8A%D9%81%20%D8%A7%D9%84%D9%8A%D9%85%D9%86&query_place_id=ChIJ-Uj2jo71wokR7dHu7WWpakg,0.8039056418374839
r_f64034,50.0,0.2275093861197096,0.0,0.88,4.025114022489692,3.9149327193640047,0.0,4.025114022489692,Korean Noodle House,Bayside,Chinese,NYC,ChIJZwv44N1hwokRmRkOXwxxExo,"210-09 Northern Blvd, Bayside, NY 11361",3.8,973,https://lh3.googleusercontent.com/gps-cs-s/AHVAwergJ9OAkWUslLFo42XZ7BL_NfstLFz2S5pDcCXCDp3m6uHt0A2Nfwd_iU3yf6NCg1ffTZSVB-V0Ax7E6O2wnWdDwcKkXj7EmppYaFDf9vgj4C9H1ONMoxFHn9ZxQQChu5NEgPmP=w408-h365-k-no,https://www.google.com/maps/search/?api=1&query=Korean%20Noodle%20House&query_place_id=ChIJZwv44N1hwokRmRkOXwxxExo,0.3475486958539869
r_f854a7,50.0,0.23071251430299244,0.02,0.84,4.124810045560429,4.196551696719054,0.07174165115862507,4.088939219981117,Jack's Pizza,Astoria,Pizza,NYC,ChIJRYbByclfwokRwW2obKCM6Ts,"31-31B 23rd Ave, Queens, NY 11105",4.6,148,https://lh3.googleusercontent.com/gps-cs-s/AHVAweojv2a79L4P07_w2EcOieqE2cwQHsS4pF7z9n5l3pul35WvqEDFMRM9_UFnPT7ynCbQENoskF1a7pYbyrwFAQ85Wro6n5zUXYb1iCo7i8yzVageQZNrncciY0gC2h6JYgWqN2qJPiavv40=w408-h544-k-no,https://www.google.com/maps/search/?api=1&query=Jack's%20Pizza&query_place_id=ChIJRYbByclfwokRwW2obKCM6Ts,0.39026428957603987
r_fa7b52,50.0,0.17628385395695925,0.0,0.96,4.351538056954133,4.531772405593585,0.18023434863945198,4.261420882634407,Pita Hot,Astoria,Mediterranean,NYC,ChIJCUcbeUhfwokRHjW9h2dnBVE,"25-13 30th Ave., Astoria, NY 11102",4.7,475,https://lh3.googleusercontent.com/gps-cs-s/AHVAwerg9TNmKWQKyLWh3mi3rFihSBgpibUfGcj0rSJ2nLx6b6mRLpPGyjrPZFErbL9N2NNfi0jXKAIk8WEJ_D_h0EvnWqMGlqUl99EnB74cJZQdLSS0iC1ubiuen_LhwHNAdaa_3w4P2g=w408-h544-k-no,https://www.google.com/maps/search/?api=1&query=Pita%20Hot&query_place_id=ChIJCUcbeUhfwokRHjW9h2dnBVE,0.5056992105160343
r_fa7c47,50.0,0.1868783872387622,0.0,0.94,4.658047777963107,4.586658975781369,0.0,4.658047777963107,King of Falafel & Shawarma Bayside,Bayside,Middle Eastern,NYC,ChIJcVNzJ-lhwokRLxzcViNRFY0,"Bell Blvd &, 42nd Ave, Bayside, NY 11361",4.5,193,https://lh3.googleusercontent.com/gps-cs-s/AHVAweqAmv4dNMYrXDBFWtrw8keVDtyJHVzNPHXxHMHFcoGxm7VLpFiWEJ_Ds_GBxUIY4Mlhvqv-W5UZKHEAbLfo-h8EY2uTURTJRH18LBKUMoBw4am8EiaJrNlyJdNW1Mn7vGXKeLQ=w408-h544-k-no,https://www.google.com/maps/search/?api=1&query=King%20of%20Falafel%20%26%20Shawarma%20Bayside&query_place_id=ChIJcVNzJ-lhwokRLxzcViNRFY0,0.7711453663603042
r_fbb4ec,50.0,0.30964709218444175,0.0,0.66,4.856121373983455,4.803798317797958,0.0,4.856121373983455,121 Master Hong Noodle House (洪面道),Flushing,Restaurant,NYC,ChIJRR6bTfphwokRfJqMiSupIS4,"37-11 Main Street Food Court #9, Flushing, NY 11354",4.9,75,https://lh3.googleusercontent.com/gps-cs-s/AHVAweq_OpHB29-r4L8125OtXOZOlNCXhsxUxOYq_a0cvM5RCwb0SKhvyzialjsNi_5wl5fn_4EB6HBeWlRtlqsuWrqljiWLuuveDmgWyZVibFPr5nflE1ANvEbZe2HNriZpXdnt7g2bfOqeDoT-=w408-h306-k-no,https://www.google.com/maps/search/?api=1&query=121%20Master%20Hong%20Noodle%20House%20(%E6%B4%AA%E9%9D%A2%E9%81%93)&query_place_id=ChIJRR6bTfphwokRfJqMiSupIS4,0.903707921388951
r_fc1096,50.0,0.23562660013995504,0.0,0.84,4.578267551691935,4.371212267297013,0.0,4.578267551691935,DunHuang Lanzhou Beef Noodle,Flushing,Chinese,NYC,ChIJaThBeBBgwokRPMezjTqipjs,"136-21 37th Ave, Flushing, NY 11354",4.5,1287,https://lh3.googleusercontent.com/gps-cs-s/AHVAweqlX1eRhXmQs5ABnfspVlb-TNSZfWR5kAlntafv47sQ0aeznt0oTpBZcCNADnh6HL0MYHWV5Di_Krmj1iG5nUgmH4bYOUBS_W6gz1cnAGFtBUkmtGVwVTWZnVZOwtkTazEKL-o=w408-h271-k-no,https://www.google.com/maps/search/?api=1&query=DunHuang%20Lanzhou%20Beef%20Noodle&query_place_id=ChIJaThBeBBgwokRPMezjTqipjs,0.7177517245637283
r_fc6abf,50.0,0.213464561222368,0.02,0.88,4.539562968185706,4.565546580374949,0.025983612189243388,4.526571162091084,Mimi's Pizza (3rd Ave & 86th),Manhattan,Pizza,NYC,ChIJcbFFteRZwokR1oVEs064myU,"217 East 86th St, New York, NY 10028",4.7,698,https://lh3.googleusercontent.com/gps-cs-s/AHVAweoFkPtoNggfAb7ILNdEq9D5FbMm6b6C7yAbnh2rzTxR3uTccni2qsDqRK40IXTf0QWZ68kBUhrFROTceQd_XqlleUX5woxA2VH2KmTjDYIf9VOVpsYujwOOIxxLSB9we4uBiEhY=w408-h272-k-no,https://www.google.com/maps/search/?api=1&query=Mimi's%20Pizza%20(3rd%20Ave%20%26%2086th)&query_place_id=ChIJcbFFteRZwokR1oVEs064myU,0.6831534457979853
r_fe88c7,50.0,0.17976565433524705,0.0,0.92,4.617113900715967,4.52309942653119,0.0,4.617113900715967,Hummus Kitchen,Manhattan,Middle Eastern,NYC,ChIJ5WSb8btYwokRHLwjIWvRbAE,"1613 2nd Ave, New York, NY 10028",4.3,976,https://lh3.googleusercontent.com/gps-cs-s/AHVAwepAeqdwZygs_TKU1RBnTgrcy6252SAQ3bylwXwVsXKsrsq8iPgfsJcbD0XQ7gfp9VdON-C9btfgIF62xsHgGPpvPB954DOGLDNlon4ESx72WaC0HOKRkxx9PSt-rmu2incYpTmmRKJc3WwH=w408-h536-k-no,https://www.google.com/maps/search/?api=1&query=Hummus%20Kitchen&query_place_id=ChIJ5WSb8btYwokRHLwjIWvRbAE,0.7437499968404193
